a, 1540139333.3048, -0.6119, 0.3301, -0.2960, 0.6550, 2, -3, -11, -42, 3, 4, 3, 2, 
a, 1540139333.3628, -0.6112, 0.3301, -0.2972, 0.6551, 5, 3, -6, 41, -9, 1, -1, 4, 
a, 1540139333.4165, -0.6111, 0.3307, -0.2969, 0.6549, -1, -4, -6, -33, 8, 0, 4, 8, 
a, 1540139333.4674, -0.6103, 0.3295, -0.2994, 0.6553, -4, 3, 19, 49, 1, -3, -2, -3, 
a, 1540139333.5203, -0.6103, 0.3294, -0.2994, 0.6553, -2, -2, 10, 71, 2, -2, -2, -4, 
a, 1540139333.5731, -0.6110, 0.3322, -0.2985, 0.6536, 1, -2, -9, 35, -21, 4, 1, -5, 
a, 1540139333.6251, -0.6111, 0.3327, -0.3000, 0.6526, -1, 1, 0, 2, 8, -2, -3, 6, 
a, 1540139333.6788, -0.6115, 0.3334, -0.3010, 0.6513, 1, -2, -7, -22, 5, 1, 0, -1, 
a, 1540139333.7387, -0.6113, 0.3364, -0.3005, 0.6502, -2, 5, 7, 28, -4, -3, -4, -4, 
a, 1540139333.7905, -0.6111, 0.3373, -0.3009, 0.6498, -4, -4, -8, -38, 7, -1, 1, -4, 
a, 1540139333.8504, -0.6099, 0.3369, -0.3023, 0.6505, 1, -12, -16, 22, -18, 5, 11, 5, 
a, 1540139333.9103, -0.6096, 0.3378, -0.3019, 0.6505, 1, 3, 15, 24, 8, 3, 0, -3, 
a, 1540139333.9711, -0.6089, 0.3375, -0.3026, 0.6509, -5, -2, -2, -4, 2, -4, -6, -4, 
a, 1540139334.0309, -0.6073, 0.3362, -0.3022, 0.6533, 2, 0, -6, -9, 8, 1, 3, 2, 
a, 1540139334.0907, -0.6018, 0.3366, -0.3015, 0.6585, -5, 2, -5, -5, -1, 2, -4, -3, 
a, 1540139334.1596, -0.5977, 0.3364, -0.2988, 0.6636, -5, -6, 2, 0, 2, 0, -2, -1, 
a, 1540139334.2104, -0.5829, 0.3378, -0.3011, 0.6749, 1, 2, 2, -10, -13, -5, 2, -3, 
a, 1540139334.2792, -0.5709, 0.3408, -0.2947, 0.6863, -3, -1, 1, 4, 5, -1, -2, -1, 
a, 1540139334.3302, -0.5618, 0.3372, -0.2910, 0.6971, 5, -1, -3, -8, 5, 4, 5, 2, 
a, 1540139334.3830, -0.5458, 0.3371, -0.2906, 0.7100, 2, 3, 1, 0, -5, -7, -4, -2, 
a, 1540139334.4358, -0.5336, 0.3397, -0.2823, 0.7213, 13, 12, 18, 13, -1, -2, -2, 7, 
a, 1540139334.4878, -0.5156, 0.3411, -0.2778, 0.7352, 24, -3, -14, -33, -27, 33, 16, 15, 
a, 1540139334.5405, -0.4543, 0.3632, -0.2776, 0.7646, -7, 19, 20, 26, 0, -17, -17, -6, 
a, 1540139334.5934, -0.3790, 0.3954, -0.2604, 0.7950, 3, 15, -5, -16, -3, 0, 4, 4, 
a, 1540139334.6463, -0.3508, 0.4184, -0.2366, 0.8036, 14, 4, 0, -19, -23, 1, -3, 8, 
a, 1540139334.6981, -0.3115, 0.4391, -0.2139, 0.8151, 7, -4, 0, -3, -16, 4, 12, 7, 
a, 1540139334.7502, -0.2924, 0.4482, -0.2018, 0.8203, -7, -9, -7, -7, 22, 10, -1, 5, 
a, 1540139334.8030, -0.2815, 0.4572, -0.1858, 0.8229, -8, -22, 0, -7, 21, 17, -3, -5, 
a, 1540139334.8559, -0.2772, 0.4601, -0.1805, 0.8239, -13, -15, -1, 0, 53, 16, 1, -4, 
a, 1540139334.9247, -0.2782, 0.4612, -0.1813, 0.8228, 1, 14, 5, 32, 3, -14, -7, -5, 
a, 1540139334.9756, -0.2784, 0.4657, -0.1879, 0.8187, 11, -11, -4, -14, -12, -13, -3, 7, 
a, 1540139335.0285, -0.2782, 0.4680, -0.1885, 0.8173, 0, -15, -10, -40, -85, -39, -7, -12, 
a, 1540139335.0813, -0.2778, 0.4686, -0.1895, 0.8168, -10, -24, 9, 25, -1, 3, -4, -4, 
a, 1540139335.1341, -0.2794, 0.4678, -0.1916, 0.8163, -1, 6, 1, -9, 18, 5, -4, -1, 
a, 1540139335.1850, -0.2806, 0.4675, -0.1907, 0.8162, 12, 18, -2, 26, 7, -4, -1, -1, 
a, 1540139335.2548, -0.2791, 0.4680, -0.1907, 0.8165, 4, -12, 4, -6, 1, -2, 0, 4, 
a, 1540139335.3057, -0.2802, 0.4675, -0.1964, 0.8151, -6, -4, -9, -31, -33, -23, -6, -5, 
a, 1540139335.3655, -0.2805, 0.4685, -0.1982, 0.8139, -4, -9, -9, -34, -22, -4, -8, -5, 
a, 1540139335.4343, -0.2797, 0.4700, -0.1970, 0.8137, -2, -21, -1, 4, -2, 6, 8, 1, 
a, 1540139335.4853, -0.2802, 0.4698, -0.1991, 0.8130, 15, 8, 3, -17, -34, -14, 2, 6, 
a, 1540139335.5450, -0.2812, 0.4695, -0.2009, 0.8125, 4, 4, -2, -24, 5, 16, 3, 10, 
a, 1540139335.6059, -0.2831, 0.4703, -0.2010, 0.8113, 10, 3, 5, 4, 6, 3, 9, 17, 
a, 1540139335.6657, -0.2834, 0.4706, -0.2023, 0.8107, -6, -6, -10, -17, -16, -5, 5, -4, 
a, 1540139335.7345, -0.2842, 0.4709, -0.2041, 0.8098, 1, -11, -3, 3, -1, 0, 1, 6, 
a, 1540139335.7855, -0.2853, 0.4707, -0.2057, 0.8091, -5, 5, -2, -12, -26, -17, -8, -6, 
a, 1540139335.8454, -0.2856, 0.4705, -0.2067, 0.8089, 16, 21, 4, 14, 13, -1, 1, 6, 
a, 1540139335.9061, -0.2862, 0.4704, -0.2075, 0.8085, -3, 8, -6, 9, 44, 21, 0, -3, 
a, 1540139335.9659, -0.2878, 0.4704, -0.2075, 0.8080, 2, 5, 5, 5, 0, -2, 0, -3, 
a, 1540139336.0258, -0.2890, 0.4699, -0.2075, 0.8078, -6, -3, -3, -5, -7, -8, -3, -5, 
a, 1540139336.0856, -0.2902, 0.4690, -0.2081, 0.8077, 7, 23, 9, 24, 13, 7, 1, 0, 
a, 1540139336.1544, -0.2903, 0.4684, -0.2084, 0.8080, 0, 8, -1, -6, 9, 0, -2, -1, 
a, 1540139336.2055, -0.2894, 0.4687, -0.2084, 0.8082, -9, -13, -7, -6, -20, -2, -4, -8, 
a, 1540139336.2654, -0.2887, 0.4694, -0.2081, 0.8080, 6, -10, -7, -10, -19, -9, 0, 4, 
a, 1540139336.3251, -0.2880, 0.4705, -0.2086, 0.8076, 4, -32, 2, 24, 8, -7, -1, 14, 
a, 1540139336.3941, -0.2881, 0.4706, -0.2094, 0.8072, 8, 13, -4, -9, 21, 14, 3, 3, 
a, 1540139336.4458, -0.2885, 0.4708, -0.2091, 0.8071, 9, 17, 3, 20, 47, 30, 3, 5, 
a, 1540139336.4997, -0.2878, 0.4709, -0.2094, 0.8071, -5, -6, -3, -9, -6, 2, 5, -1, 
a, 1540139336.5516, -0.2873, 0.4713, -0.2095, 0.8071, 13, 1, 4, 2, -46, -18, 1, 5, 
a, 1540139336.6114, -0.2870, 0.4714, -0.2101, 0.8069, -11, -5, -4, 5, 14, 2, 2, -3, 
a, 1540139336.6792, -0.2867, 0.4717, -0.2106, 0.8068, -13, -6, -9, -8, 19, 0, -8, -9, 
a, 1540139336.7311, -0.2860, 0.4720, -0.2119, 0.8065, -4, 7, 2, 1, 6, 0, 0, 1, 
a, 1540139336.7909, -0.2864, 0.4715, -0.2141, 0.8061, -5, -2, 0, -1, -7, -7, -9, -2, 
a, 1540139336.8429, -0.2885, 0.4708, -0.2160, 0.8053, -5, -7, 2, 25, 23, 7, 1, 4, 
a, 1540139336.8956, -0.2894, 0.4700, -0.2172, 0.8051, 6, -2, -3, -7, -4, -1, 1, 5, 
a, 1540139336.9575, -0.2885, 0.4692, -0.2181, 0.8056, -4, 0, 5, 8, 14, 3, -2, 0, 
a, 1540139337.0083, -0.2886, 0.4687, -0.2219, 0.8048, -4, -3, -2, 5, 2, -2, -8, -7, 
a, 1540139337.0691, -0.2911, 0.4686, -0.2265, 0.8027, 5, -1, -1, -15, -2, 0, 1, 2, 
a, 1540139337.1370, -0.2928, 0.4684, -0.2287, 0.8016, -9, -2, -2, 2, 14, 9, -4, -4, 
a, 1540139337.1888, -0.2940, 0.4685, -0.2286, 0.8011, 3, 2, -7, -5, -22, -6, 0, 3, 
a, 1540139337.2726, -0.2940, 0.4684, -0.2286, 0.8011, -7, -6, 2, 10, 12, 3, 0, -6, 
a, 1540139337.3314, -0.2927, 0.4685, -0.2286, 0.8016, 3, -20, -5, -11, -20, -1, 6, 6, 
a, 1540139337.3913, -0.2918, 0.4680, -0.2296, 0.8019, -1, -4, -1, -4, -17, -11, -1, -1, 
a, 1540139337.4511, -0.2902, 0.4688, -0.2302, 0.8019, -6, -4, -5, -15, -4, -6, -5, -2, 
a, 1540139337.5129, -0.2895, 0.4700, -0.2303, 0.8013, 6, 4, 0, -6, -23, -7, -4, 1, 
a, 1540139337.5629, -0.2883, 0.4712, -0.2302, 0.8011, -1, 8, -2, 3, 4, 1, -5, 0, 
a, 1540139337.6167, -0.2880, 0.4717, -0.2302, 0.8010, 2, 1, -4, -23, -3, 8, 1, 0, 
a, 1540139337.6765, -0.2883, 0.4718, -0.2300, 0.8008, -6, 0, -4, -5, 3, 4, -4, -2, 
a, 1540139337.7365, -0.2881, 0.4717, -0.2302, 0.8009, -10, -4, 1, -5, 1, 5, 0, -4, 
a, 1540139337.7972, -0.2891, 0.4708, -0.2316, 0.8007, -3, -7, 2, -15, -3, 1, -2, -3, 
a, 1540139337.8570, -0.2898, 0.4706, -0.2316, 0.8005, -4, 11, 4, 22, 10, 6, 7, 2, 
a, 1540139337.9169, -0.2898, 0.4708, -0.2313, 0.8005, 4, 0, -1, -10, -2, 1, 1, 0, 
a, 1540139337.9677, -0.2892, 0.4710, -0.2314, 0.8005, -10, -5, -3, -12, -12, -12, -7, -9, 
a, 1540139338.0206, -0.2890, 0.4713, -0.2316, 0.8004, 2, 2, -4, -3, 16, 3, -2, -1, 
a, 1540139338.0734, -0.2898, 0.4715, -0.2317, 0.8000, 2, 0, 3, 5, 3, 3, -1, 1, 
a, 1540139338.1253, -0.2925, 0.4704, -0.2318, 0.7996, 15, 9, 1, -4, -11, 5, 3, 9, 
a, 1540139338.1792, -0.2919, 0.4698, -0.2327, 0.8000, -1, 1, 0, 3, -5, -5, -1, -2, 
a, 1540139338.2312, -0.2925, 0.4698, -0.2322, 0.7999, 1, 0, 2, 7, -9, 0, 3, 2, 
a, 1540139338.2919, -0.2898, 0.4703, -0.2318, 0.8007, -13, 14, 8, 44, 43, 3, -10, -4, 
a, 1540139338.3457, -0.2893, 0.4705, -0.2316, 0.8008, -7, -3, -8, -17, -21, -9, -4, -4, 
a, 1540139338.3957, -0.2910, 0.4712, -0.2291, 0.8005, -3, -9, 1, -3, -15, -8, -1, -4, 
a, 1540139338.4565, -0.2883, 0.4717, -0.2293, 0.8011, 1, 0, 2, -2, -2, -3, -4, -3, 
a, 1540139338.5083, -0.2853, 0.4711, -0.2306, 0.8021, -2, 1, -2, -3, 2, -2, -2, -3, 
a, 1540139338.5691, -0.2843, 0.4708, -0.2302, 0.8028, -5, -1, -3, -5, 2, -1, -3, -2, 
a, 1540139338.6210, -0.2827, 0.4714, -0.2281, 0.8036, -1, -6, -5, -2, 0, 0, -3, 6, 
a, 1540139338.6728, -0.2816, 0.4720, -0.2281, 0.8036, -2, -3, -2, 8, 6, 8, -2, -2, 
a, 1540139338.7257, -0.2822, 0.4719, -0.2289, 0.8032, 2, 0, 2, -1, -5, 5, -1, 1, 
a, 1540139338.7787, -0.2827, 0.4717, -0.2289, 0.8032, -1, -1, 6, 8, 13, 0, 0, -3, 
a, 1540139338.8306, -0.2834, 0.4718, -0.2278, 0.8032, 0, 1, 2, 7, 10, 0, -1, 4, 
a, 1540139338.8835, -0.2825, 0.4713, -0.2279, 0.8038, 0, 0, -2, 3, 7, 1, -2, -1, 
a, 1540139338.9362, -0.2820, 0.4709, -0.2288, 0.8039, 1, -2, -3, -3, 0, 2, 0, -1, 
a, 1540139338.9883, -0.2811, 0.4709, -0.2295, 0.8040, -2, -4, -5, -1, -5, -7, -1, -2, 
a, 1540139339.0400, -0.2812, 0.4710, -0.2299, 0.8038, 2, -4, -3, -10, -26, -9, 0, -2, 
a, 1540139339.1008, -0.2818, 0.4709, -0.2306, 0.8035, 0, 0, 3, 6, 6, -1, 0, 1, 
a, 1540139339.1536, -0.2817, 0.4708, -0.2307, 0.8035, 4, 5, -2, -6, -13, -12, -6, -3, 
a, 1540139339.2066, -0.2802, 0.4711, -0.2311, 0.8038, -5, -13, -2, -11, -11, -10, -2, -3, 
a, 1540139339.2584, -0.2772, 0.4720, -0.2319, 0.8041, -3, -3, -4, -66, -87, -25, -2, -4, 
a, 1540139339.3282, -0.2825, 0.4708, -0.2303, 0.8034, -2, -5, -2, -16, -28, -13, -5, -5, 
a, 1540139339.3781, -0.2841, 0.4724, -0.2290, 0.8022, 7, 16, 0, -7, -12, -12, -9, 0, 
a, 1540139339.4309, -0.2845, 0.4725, -0.2298, 0.8019, -4, -12, -9, 9, -13, -4, -9, -4, 
a, 1540139339.4848, -0.2866, 0.4720, -0.2288, 0.8016, -7, 7, 9, 11, 40, 10, -1, -6, 
a, 1540139339.5356, -0.2869, 0.4720, -0.2290, 0.8015, -1, -9, 0, 14, 19, 14, 4, 3, 
a, 1540139339.6054, -0.2866, 0.4716, -0.2299, 0.8016, 6, 9, 3, 1, -7, -1, -8, 3, 
a, 1540139339.6633, -0.2855, 0.4716, -0.2307, 0.8018, 9, -1, 0, -5, -1, 3, -5, 1, 
a, 1540139339.7241, -0.2850, 0.4719, -0.2313, 0.8016, 3, 5, -3, -7, -17, -2, -4, 4, 
a, 1540139339.7751, -0.2878, 0.4717, -0.2310, 0.8008, 1, -6, -10, -21, -6, -9, -15, 1, 
a, 1540139339.8278, -0.2886, 0.4716, -0.2299, 0.8008, -10, -6, -5, 1, -2, 4, -10, -5, 
a, 1540139339.8807, -0.2886, 0.4710, -0.2300, 0.8012, -7, -20, -7, -2, 5, 12, 3, -3, 
a, 1540139339.9326, -0.2883, 0.4701, -0.2303, 0.8018, -5, -5, 0, 1, 8, 9, -15, -1, 
a, 1540139339.9936, -0.2891, 0.4702, -0.2301, 0.8015, -1, -16, -1, -4, -17, -8, -7, -1, 
a, 1540139340.0473, -0.2886, 0.4700, -0.2297, 0.8019, 5, 4, -10, -20, -6, 10, 11, 9, 
a, 1540139340.0981, -0.2886, 0.4701, -0.2303, 0.8016, 6, 1, 1, -1, -17, 0, -5, 0, 
a, 1540139340.1510, -0.2893, 0.4703, -0.2309, 0.8011, -2, -1, 4, 1, 0, -9, -6, -7, 
a, 1540139340.2038, -0.2895, 0.4709, -0.2324, 0.8002, 3, -9, -11, -21, -6, -3, -7, -2, 
a, 1540139340.2557, -0.2908, 0.4710, -0.2330, 0.7996, -7, 9, 4, 13, -50, -29, -12, -9, 
a, 1540139340.3076, -0.2909, 0.4711, -0.2330, 0.7994, -9, -3, -2, 3, -1, -5, 22, 1, 
a, 1540139340.3605, -0.2915, 0.4706, -0.2333, 0.7994, 9, -5, -2, -5, 5, 5, -5, 3, 
a, 1540139340.4284, -0.2916, 0.4706, -0.2333, 0.7994, -1, -8, 4, 22, 37, 17, 13, 2, 
a, 1540139340.4892, -0.2914, 0.4708, -0.2334, 0.7994, 1, 2, -3, -1, -10, -5, -6, 0, 
a, 1540139340.5489, -0.2908, 0.4708, -0.2341, 0.7994, -3, -3, -4, -1, -10, 3, 2, 4, 
a, 1540139340.6008, -0.2905, 0.4714, -0.2346, 0.7989, -7, -13, -16, -30, -18, -6, -18, -5, 
a, 1540139340.6616, -0.2909, 0.4720, -0.2346, 0.7985, -3, 6, -6, -7, -13, -8, -8, -7, 
a, 1540139340.7205, -0.2912, 0.4717, -0.2360, 0.7981, -2, -2, -6, -6, -7, -1, 9, -2, 
a, 1540139340.7805, -0.2913, 0.4710, -0.2401, 0.7972, 14, 9, 5, 10, 17, 1, -2, 13, 
a, 1540139340.8401, -0.2921, 0.4705, -0.2430, 0.7964, -2, -6, -1, -4, -3, 3, -4, -1, 
a, 1540139340.9010, -0.2913, 0.4694, -0.2434, 0.7972, -1, -2, 2, -12, -11, -1, 5, 2, 
a, 1540139340.9610, -0.2906, 0.4681, -0.2409, 0.7990, -3, -7, -4, -11, -16, -13, -8, -8, 
a, 1540139341.0207, -0.2905, 0.4682, -0.2387, 0.7996, 7, 10, 2, 11, 27, 13, -2, 2, 
a, 1540139341.0815, -0.2914, 0.4691, -0.2375, 0.7991, -3, -2, -5, -7, 4, 0, 9, -5, 
a, 1540139341.1325, -0.2917, 0.4684, -0.2372, 0.7995, -1, -7, 2, 13, 1, 1, -2, -1, 
a, 1540139341.1862, -0.2922, 0.4672, -0.2385, 0.7996, 5, 9, 1, 14, 0, -1, 0, 2, 
a, 1540139341.2381, -0.2932, 0.4670, -0.2390, 0.7992, 2, -3, 1, 8, -5, -2, 2, -2, 
a, 1540139341.2981, -0.2921, 0.4675, -0.2386, 0.7995, 5, 5, 1, 7, 8, 7, -3, 5, 
a, 1540139341.3520, -0.2916, 0.4675, -0.2387, 0.7996, -3, -5, -3, -8, -11, -2, 2, 1, 
a, 1540139341.4038, -0.2908, 0.4672, -0.2388, 0.8000, 2, 0, 1, -3, 5, 2, 6, 0, 
a, 1540139341.4637, -0.2886, 0.4670, -0.2391, 0.8008, 0, -6, -3, 1, 3, -3, 1, -1, 
a, 1540139341.5235, -0.2885, 0.4688, -0.2395, 0.7997, -1, -2, -1, -1, 0, -1, -5, -5, 
a, 1540139341.5764, -0.2908, 0.4701, -0.2387, 0.7984, -6, -6, -4, 1, 5, 0, 3, 2, 
a, 1540139341.6304, -0.2910, 0.4702, -0.2386, 0.7983, -2, -4, 4, 2, -14, -7, -1, -4, 
a, 1540139341.6911, -0.2910, 0.4700, -0.2389, 0.7983, 4, 9, 6, 7, 11, 4, -2, 0, 
a, 1540139341.7499, -0.2913, 0.4705, -0.2397, 0.7977, -7, -5, -2, -6, 14, -2, -15, -5, 
a, 1540139341.8009, -0.2908, 0.4714, -0.2401, 0.7972, 1, 0, 4, 4, -12, -7, -4, 1, 
a, 1540139341.8616, -0.2900, 0.4717, -0.2404, 0.7972, 6, 10, -1, -4, 13, -2, 0, -1, 
a, 1540139341.9534, -0.2899, 0.4715, -0.2408, 0.7972, -10, -5, -2, -10, 0, 7, -6, -5, 
a, 1540139342.0062, -0.2899, 0.4716, -0.2408, 0.7972, -3, -1, 2, -1, -3, -4, 3, -2, 
a, 1540139342.0631, -0.2888, 0.4721, -0.2410, 0.7972, -9, -2, 4, 16, -3, -2, 0, -3, 
a, 1540139342.1161, -0.2887, 0.4733, -0.2413, 0.7964, -4, -5, -3, 12, -9, -5, -1, -2, 
a, 1540139342.1688, -0.2895, 0.4733, -0.2415, 0.7961, -1, -2, 3, 3, 5, 1, 1, 0, 
a, 1540139342.2207, -0.2901, 0.4725, -0.2414, 0.7964, -3, -1, 1, 10, -8, -8, -2, -2, 
a, 1540139342.2805, -0.2902, 0.4714, -0.2415, 0.7970, -3, 0, -5, 0, 0, 1, 3, -2, 
a, 1540139342.3334, -0.2894, 0.4719, -0.2422, 0.7968, -1, -1, 0, -5, -5, -2, -2, 1, 
a, 1540139342.3872, -0.2885, 0.4725, -0.2427, 0.7966, -1, 1, -4, 2, -3, -4, 1, -2, 
a, 1540139342.4462, -0.2871, 0.4730, -0.2433, 0.7966, -4, -7, -10, -8, -10, -7, -3, -1, 
a, 1540139342.5059, -0.2866, 0.4738, -0.2435, 0.7963, -2, 3, -5, -5, -9, -5, -1, 0, 
a, 1540139342.5747, -0.2873, 0.4746, -0.2431, 0.7957, 2, -5, 0, 3, -4, -5, 0, 2, 
a, 1540139342.6256, -0.2880, 0.4739, -0.2432, 0.7958, 0, 5, -3, 6, 9, 3, 4, 0, 
a, 1540139342.6864, -0.2882, 0.4738, -0.2430, 0.7959, -4, 5, -1, 3, 0, -1, 0, -2, 
a, 1540139342.7413, -0.2881, 0.4736, -0.2432, 0.7959, -3, -2, 1, 7, -5, 2, -1, 0, 
a, 1540139342.8230, -0.2881, 0.4736, -0.2432, 0.7958, 4, 7, 2, 10, 16, 2, 3, 4, 
a, 1540139342.8829, -0.2891, 0.4739, -0.2434, 0.7953, 0, -3, 1, 9, 23, 10, 5, 4, 
a, 1540139342.9347, -0.2889, 0.4742, -0.2440, 0.7950, -9, -11, 0, -9, -20, -9, -2, -3, 
a, 1540139342.9856, -0.2886, 0.4742, -0.2445, 0.7949, 2, 8, 8, 16, 25, 4, 0, 1, 
a, 1540139343.0465, -0.2885, 0.4744, -0.2448, 0.7948, -4, -2, -1, 6, 18, -5, -1, 0, 
a, 1540139343.1003, -0.2888, 0.4742, -0.2451, 0.7947, 1, -3, 3, -4, -7, -1, -1, 3, 
a, 1540139343.1601, -0.2884, 0.4743, -0.2453, 0.7948, 0, -6, 2, -5, 8, 5, -2, 0, 
a, 1540139343.2100, -0.2884, 0.4743, -0.2455, 0.7947, -6, -3, -4, -8, 1, 4, -3, -3, 
a, 1540139343.2639, -0.2877, 0.4744, -0.2459, 0.7948, -11, -4, -1, 10, 5, 4, -5, -6, 
a, 1540139343.3249, -0.2872, 0.4745, -0.2465, 0.7947, -1, 8, -3, 2, -2, -2, -5, -1, 
a, 1540139343.3766, -0.2865, 0.4751, -0.2470, 0.7944, -6, -21, 1, 3, 3, 8, 1, 1, 
a, 1540139343.4374, -0.2859, 0.4760, -0.2473, 0.7940, 4, 17, -3, -13, 4, -4, -3, -3, 
a, 1540139343.4893, -0.2858, 0.4765, -0.2478, 0.7936, -4, 2, 0, -3, 4, -2, -3, -3, 
a, 1540139343.5401, -0.2852, 0.4763, -0.2486, 0.7937, 2, 11, 5, 3, 2, -1, -5, -4, 
a, 1540139343.6030, -0.2850, 0.4759, -0.2489, 0.7939, -1, 4, 5, 7, 9, 1, -2, 1, 
a, 1540139343.6558, -0.2846, 0.4758, -0.2490, 0.7941, 0, -6, -2, -13, -22, -9, -1, 0, 
a, 1540139343.7147, -0.2831, 0.4763, -0.2493, 0.7943, 0, -10, -1, -1, -10, 0, -2, 1, 
a, 1540139343.7675, -0.2808, 0.4761, -0.2501, 0.7949, -1, 9, 0, 0, 5, 0, -1, -3, 
a, 1540139343.8274, -0.2803, 0.4750, -0.2514, 0.7953, -5, -8, 1, 1, 2, -3, -4, 2, 
a, 1540139343.8802, -0.2806, 0.4741, -0.2521, 0.7955, -8, -10, -4, 1, -3, -4, -4, -6, 
a, 1540139343.9321, -0.2807, 0.4741, -0.2521, 0.7955, 0, 9, 6, 8, 7, 2, 4, 1, 
a, 1540139344.0009, -0.2803, 0.4745, -0.2524, 0.7953, -3, -11, -1, 6, -1, -6, -3, -1, 
a, 1540139344.0508, -0.2797, 0.4756, -0.2534, 0.7946, -1, 2, 6, 2, -4, 1, 2, -1, 
a, 1540139344.1056, -0.2797, 0.4756, -0.2533, 0.7946, -1, 0, 0, 3, -9, -7, -3, 1, 
a, 1540139344.1565, -0.2797, 0.4758, -0.2531, 0.7946, -5, -1, -2, -1, -5, -7, -1, -4, 
a, 1540139344.2083, -0.2809, 0.4756, -0.2525, 0.7944, -5, -7, 2, 4, -9, -1, 2, -5, 
a, 1540139344.2692, -0.2815, 0.4751, -0.2522, 0.7946, 6, 12, -7, 0, 3, 1, 2, 0, 
a, 1540139344.3220, -0.2812, 0.4748, -0.2525, 0.7948, 1, 0, -4, -21, -15, -4, -1, -2, 
a, 1540139344.3819, -0.2808, 0.4747, -0.2532, 0.7947, 5, 8, 2, -3, -6, -5, 1, 0, 
a, 1540139344.4507, -0.2805, 0.4753, -0.2535, 0.7944, -2, 9, 0, 3, -2, 5, 0, 1, 
a, 1540139344.5176, -0.2805, 0.4757, -0.2536, 0.7942, -4, -5, -3, 3, 7, 0, -3, 0, 
a, 1540139344.5764, -0.2811, 0.4755, -0.2531, 0.7943, 1, 0, 2, 6, 6, 5, 0, 0, 
a, 1540139344.6283, -0.2816, 0.4754, -0.2531, 0.7941, 3, -1, 0, 4, -4, -2, 2, 0, 
a, 1540139344.6812, -0.2817, 0.4753, -0.2527, 0.7942, 1, -2, -2, -4, 1, -2, 0, 0, 
a, 1540139344.7491, -0.2816, 0.4753, -0.2529, 0.7942, 2, 2, -1, 5, -3, -5, -1, 2, 
a, 1540139344.8008, -0.2816, 0.4754, -0.2529, 0.7942, 5, 6, 0, -1, -10, -3, 0, 2, 
b, 1540139360.8062, -0.6001, 0.3217, -0.3038, 0.6664, -3, -3, -3, 1, 2, -2, -2, -1, 
b, 1540139360.8611, -0.5994, 0.3205, -0.3043, 0.6674, 6, 3, 1, 7, 0, -3, -1, -1, 
b, 1540139360.9180, -0.5986, 0.3208, -0.3050, 0.6677, 2, 1, 6, 53, -14, 5, 1, 3, 
b, 1540139360.9708, -0.5976, 0.3221, -0.3054, 0.6677, -1, -2, 0, 5, 1, -3, -1, -1, 
b, 1540139361.0236, -0.5955, 0.3225, -0.3068, 0.6688, -5, -1, 10, 27, 4, 1, -5, -2, 
b, 1540139361.0838, -0.5939, 0.3214, -0.3076, 0.6704, 4, 3, 4, -5, -2, -1, 0, 1, 
b, 1540139361.1357, -0.5925, 0.3210, -0.3077, 0.6718, -3, -1, -3, -23, 1, -2, -2, -1, 
b, 1540139361.1877, -0.5917, 0.3199, -0.3077, 0.6730, -1, -3, -7, -56, 5, 3, 1, 2, 
b, 1540139361.2494, -0.5896, 0.3182, -0.3077, 0.6756, -2, -2, -5, -5, -7, -7, -3, -1, 
b, 1540139361.3015, -0.5877, 0.3140, -0.3085, 0.6788, 3, 3, 1, 1, -3, 2, 5, 1, 
b, 1540139361.3536, -0.5867, 0.3120, -0.3084, 0.6807, -3, -1, 1, 6, 1, -2, 0, -1, 
b, 1540139361.4136, -0.5833, 0.3065, -0.3098, 0.6855, 1, 0, 2, 11, 10, 7, 2, 2, 
b, 1540139361.4733, -0.5791, 0.3073, -0.3121, 0.6877, -3, -1, -1, 0, -1, -1, -4, 0, 
b, 1540139361.5421, -0.5688, 0.3027, -0.3147, 0.6970, 2, 0, -2, -11, 6, 2, 1, 1, 
b, 1540139361.5940, -0.5625, 0.3003, -0.3170, 0.7021, -2, -2, -1, 1, -1, 0, 0, 1, 
b, 1540139361.6538, -0.5522, 0.2958, -0.3162, 0.7124, 1, -1, -5, -2, 0, 1, 2, -2, 
b, 1540139361.7137, -0.5479, 0.2964, -0.3101, 0.7181, -2, 0, 1, -6, 5, 2, 1, -3, 
b, 1540139361.7737, -0.5417, 0.2971, -0.3053, 0.7245, 1, -2, -2, -5, 2, 2, -3, -3, 
b, 1540139361.8343, -0.5343, 0.2995, -0.3016, 0.7307, -2, -1, 1, 0, 6, -1, 0, -1, 
b, 1540139361.8932, -0.5269, 0.3038, -0.2960, 0.7365, -2, 1, 4, 29, -18, -5, -3, 0, 
b, 1540139361.9470, -0.5198, 0.3064, -0.2931, 0.7416, 0, 0, -4, -6, 2, -2, 3, 3, 
b, 1540139361.9991, -0.5050, 0.3121, -0.2911, 0.7502, -2, 1, -5, -25, 11, -2, -2, 0, 
b, 1540139362.0597, -0.4797, 0.3167, -0.2913, 0.7646, 2, -1, 1, 0, -4, -5, -3, 0, 
b, 1540139362.1106, -0.4485, 0.3297, -0.2865, 0.7797, -4, 0, 4, 6, 1, -6, -4, -2, 
b, 1540139362.1625, -0.4344, 0.3356, -0.2814, 0.7870, 1, 3, 8, 46, -1, 2, 3, 4, 
b, 1540139362.2153, -0.4172, 0.3475, -0.2733, 0.7940, 0, 1, 11, 1, 8, 8, 4, 5, 
b, 1540139362.2682, -0.3972, 0.3562, -0.2692, 0.8018, 0, 3, 5, 23, 10, -1, -1, -2, 
b, 1540139362.3202, -0.3867, 0.3627, -0.2646, 0.8055, 2, 2, 11, -10, 3, 7, -1, 2, 
b, 1540139362.3739, -0.3716, 0.3709, -0.2603, 0.8102, -1, -3, 2, 14, -4, 1, 0, -2, 
b, 1540139362.4337, -0.3582, 0.3774, -0.2562, 0.8146, 0, -2, 5, -54, -4, 1, 0, 1, 
b, 1540139362.5017, -0.3470, 0.3848, -0.2514, 0.8174, 11, 1, -3, 26, -2, 5, 12, 7, 
b, 1540139362.5624, -0.3381, 0.3945, -0.2469, 0.8180, -4, -2, -7, -38, 20, -2, -9, -2, 
b, 1540139362.6136, -0.3314, 0.4017, -0.2451, 0.8177, -1, -3, -9, -28, -10, 4, 3, 0, 
b, 1540139362.6655, -0.3274, 0.4043, -0.2439, 0.8184, -2, -1, 2, -1, 2, -4, -3, 1, 
b, 1540139362.7183, -0.3261, 0.4053, -0.2427, 0.8188, 1, 0, -3, -10, -4, -2, -2, 1, 
b, 1540139362.7792, -0.3271, 0.4047, -0.2416, 0.8190, 1, -3, -9, -20, -2, 0, 1, 2, 
b, 1540139362.8310, -0.3279, 0.4044, -0.2411, 0.8190, -2, -4, -7, -41, -3, 0, 0, 1, 
b, 1540139362.8909, -0.3305, 0.4038, -0.2413, 0.8182, -2, 2, 5, 16, 1, -4, 1, -1, 
b, 1540139362.9519, -0.3306, 0.4043, -0.2417, 0.8177, 2, 1, 11, 44, -3, 0, 5, 4, 
b, 1540139363.0040, -0.3319, 0.4036, -0.2422, 0.8175, 5, -4, -9, -60, -22, 6, 2, 4, 
b, 1540139363.0557, -0.3314, 0.4030, -0.2440, 0.8175, 1, 4, 1, 15, 2, 0, -3, 2, 
b, 1540139363.1175, -0.3318, 0.4034, -0.2438, 0.8171, 1, 2, 0, -19, 7, 1, 3, -1, 
b, 1540139363.1693, -0.3316, 0.4042, -0.2442, 0.8167, -2, 2, 12, 71, 3, -4, 1, -1, 
b, 1540139363.2294, -0.3317, 0.4047, -0.2441, 0.8164, 1, -1, -2, 6, -6, 2, -1, -1, 
b, 1540139363.2811, -0.3318, 0.4045, -0.2452, 0.8161, -2, -4, 1, 2, 6, -4, -1, 1, 
b, 1540139363.3339, -0.3326, 0.4037, -0.2461, 0.8159, -2, 0, 0, -3, 4, 6, 1, -15, 
b, 1540139363.3937, -0.3341, 0.4030, -0.2474, 0.8153, -2, -3, 1, -12, 4, 1, -1, -1, 
b, 1540139363.4456, -0.3362, 0.4019, -0.2477, 0.8149, 0, -1, -2, -26, 9, 4, 1, -5, 
b, 1540139363.4995, -0.3365, 0.4008, -0.2486, 0.8150, 0, 1, -3, -34, 4, -4, -1, -4, 
b, 1540139363.5505, -0.3365, 0.4007, -0.2491, 0.8149, 0, 1, -5, 1, -14, -9, -4, -2, 
b, 1540139363.6191, -0.3361, 0.4011, -0.2487, 0.8151, 2, -2, -2, -4, -15, -2, 0, 0, 
b, 1540139363.6700, -0.3353, 0.4012, -0.2480, 0.8155, 0, 1, -1, 2, 1, -1, -1, -2, 
b, 1540139363.7239, -0.3346, 0.4012, -0.2477, 0.8159, 0, -2, 0, -28, -7, -3, 2, -5, 
b, 1540139363.7767, -0.3344, 0.4013, -0.2476, 0.8160, -1, 0, -9, -54, -10, 4, 1, -1, 
b, 1540139363.8296, -0.3340, 0.4016, -0.2484, 0.8157, -1, -3, -3, 6, -7, -1, 0, -1, 
b, 1540139363.8804, -0.3331, 0.4026, -0.2488, 0.8156, -6, -3, 0, -1, -3, -8, -8, -4, 
b, 1540139363.9403, -0.3329, 0.4029, -0.2490, 0.8154, -2, 2, 1, 2, 6, 3, 1, -2, 
b, 1540139364.0003, -0.3332, 0.4024, -0.2493, 0.8154, 1, 1, 1, 3, -2, 9, 2, 2, 
b, 1540139364.0530, -0.3333, 0.4025, -0.2499, 0.8151, 1, 0, -7, -15, -1, -2, -2, -1, 
b, 1540139364.1138, -0.3335, 0.4025, -0.2501, 0.8149, 0, 1, 11, -3, -9, -3, -4, -4, 
b, 1540139364.1677, -0.3334, 0.4025, -0.2502, 0.8150, 0, 0, -2, 13, 2, 5, 5, 1, 
b, 1540139364.2185, -0.3330, 0.4024, -0.2505, 0.8151, 1, 0, -6, -19, 1, 2, 2, 0, 
b, 1540139364.2704, -0.3327, 0.4024, -0.2505, 0.8152, 0, 0, 9, 33, 9, -1, 1, -11, 
b, 1540139364.3312, -0.3329, 0.4025, -0.2504, 0.8151, 0, 1, -8, -37, -9, -5, 0, 3, 
b, 1540139364.3841, -0.3320, 0.4027, -0.2501, 0.8155, 0, -4, 3, 34, -1, -1, -3, 0, 
b, 1540139364.4529, -0.3328, 0.4020, -0.2510, 0.8152, -2, -6, -14, -10, -1, -3, 1, -3, 
b, 1540139364.5048, -0.3330, 0.4016, -0.2510, 0.8154, -2, 0, 8, -12, 13, -2, -8, -2, 
b, 1540139364.5567, -0.3329, 0.4016, -0.2512, 0.8153, 0, -1, -7, 25, -14, 3, 1, 1, 
b, 1540139364.6095, -0.3333, 0.4019, -0.2510, 0.8151, -3, -2, 8, 29, 1, 3, -5, -3, 
b, 1540139364.6624, -0.3335, 0.4019, -0.2515, 0.8149, -2, -3, -3, 14, 8, 4, -3, -5, 
b, 1540139364.7204, -0.3336, 0.4017, -0.2516, 0.8149, -2, 2, -5, -11, 2, 1, 1, 4, 
b, 1540139364.7732, -0.3334, 0.4017, -0.2519, 0.8149, 1, 3, 9, -8, -6, -7, 0, 4, 
b, 1540139364.8269, -0.3320, 0.4023, -0.2524, 0.8149, 0, -2, 2, -15, -5, -1, 3, -2, 
b, 1540139364.8868, -0.3316, 0.4028, -0.2530, 0.8147, 0, -3, -6, 83, -8, 2, 0, 1, 
b, 1540139364.9386, -0.3311, 0.4030, -0.2537, 0.8146, -3, -2, 2, -12, -1, -2, -2, 1, 
b, 1540139365.0234, -0.3310, 0.4031, -0.2540, 0.8145, -2, -1, -5, -11, -3, -2, -18, -5, 
b, 1540139365.0733, -0.3318, 0.4034, -0.2540, 0.8140, 8, 1, -2, -50, -19, -6, 3, 1, 
b, 1540139365.1261, -0.3325, 0.4032, -0.2543, 0.8137, 2, -2, -4, -15, 8, 0, 6, 2, 
b, 1540139365.1870, -0.3331, 0.4027, -0.2549, 0.8135, -3, 2, 0, 8, 1, -5, -44, 2, 
b, 1540139365.2388, -0.3362, 0.4028, -0.2545, 0.8124, 4, 3, -2, 5, 5, 5, 36, 10, 
b, 1540139365.2997, -0.3364, 0.4036, -0.2527, 0.8124, 3, -1, 1, 1, -11, 5, -62, -21, 
b, 1540139365.3605, -0.3381, 0.4028, -0.2526, 0.8121, 2, -3, -3, 0, -66, 1, 34, 4, 
b, 1540139365.4123, -0.3380, 0.4026, -0.2521, 0.8125, 1, -3, -2, 6, 15, 2, -9, 1, 
b, 1540139365.4632, -0.3373, 0.4026, -0.2516, 0.8129, -1, -1, 9, 22, 6, -1, -25, -13, 
b, 1540139365.5252, -0.3370, 0.4031, -0.2520, 0.8127, 1, 3, -1, -8, 14, 2, -4, -2, 
b, 1540139365.5751, -0.3367, 0.4025, -0.2526, 0.8129, 1, 0, 3, -28, -6, -3, -32, -1, 
b, 1540139365.6370, -0.3367, 0.4024, -0.2528, 0.8129, -2, 1, 6, 33, -10, -3, -9, 1, 
b, 1540139365.6899, -0.3358, 0.4024, -0.2531, 0.8131, 1, 0, -4, -14, 3, 5, 15, 3, 
b, 1540139365.7568, -0.3349, 0.4027, -0.2530, 0.8134, 0, 3, 2, 24, -3, -4, 1, 6, 
b, 1540139365.8095, -0.3324, 0.4042, -0.2524, 0.8138, 2, 0, -1, -21, -16, -6, -6, 0, 
b, 1540139365.8703, -0.3293, 0.4064, -0.2502, 0.8146, -3, -1, 0, -8, -5, -7, -22, -3, 
b, 1540139365.9292, -0.3276, 0.4072, -0.2490, 0.8154, -1, -1, -3, -41, 10, -4, -26, -13, 
b, 1540139365.9800, -0.3281, 0.4061, -0.2501, 0.8154, 5, -1, -1, 8, -14, -4, 12, 2, 
b, 1540139366.0329, -0.3286, 0.4058, -0.2511, 0.8150, -1, 1, 7, 5, 11, -1, -16, -3, 
b, 1540139366.0878, -0.3292, 0.4059, -0.2514, 0.8146, -2, -1, -7, 1, 1, 1, 3, -8, 
b, 1540139366.1396, -0.3290, 0.4061, -0.2518, 0.8145, -4, -2, -1, -16, 1, -3, -3, 0, 
b, 1540139366.1995, -0.3292, 0.4057, -0.2519, 0.8146, -1, -1, -3, -8, -5, -1, -2, 0, 
b, 1540139366.2513, -0.3290, 0.4050, -0.2532, 0.8146, -1, -1, 4, 7, -3, 0, 1, 8, 
b, 1540139366.3032, -0.3297, 0.4041, -0.2540, 0.8145, 1, -1, -5, 15, -1, 0, 1, 6, 
b, 1540139366.3550, -0.3320, 0.4014, -0.2550, 0.8146, 7, -3, -8, -18, -23, 4, 8, 3, 
b, 1540139366.4089, -0.3345, 0.3997, -0.2556, 0.8142, -5, 2, 6, 42, 6, -4, -4, -2, 
b, 1540139366.4687, -0.3383, 0.3967, -0.2586, 0.8132, 1, 4, -3, 1, 8, -1, -2, -7, 
b, 1540139366.5216, -0.3435, 0.3925, -0.2605, 0.8124, 0, -5, -7, -10, -11, -2, -1, 0, 
b, 1540139366.5804, -0.3457, 0.3899, -0.2632, 0.8119, -1, 0, -2, 17, -3, -3, -1, 0, 
b, 1540139366.6333, -0.3477, 0.3885, -0.2645, 0.8113, 2, 1, -10, -19, -4, 0, -1, 1, 
b, 1540139366.6862, -0.3477, 0.3879, -0.2650, 0.8115, -2, 1, 3, 9, 2, -2, -2, -2, 
b, 1540139366.7461, -0.3485, 0.3872, -0.2654, 0.8113, 1, -1, 9, -22, 5, -2, 1, -2, 
b, 1540139366.7988, -0.3489, 0.3873, -0.2652, 0.8111, -1, 0, -4, -21, -4, -2, -4, -6, 
b, 1540139366.8517, -0.3492, 0.3879, -0.2647, 0.8109, 1, 0, -11, -17, -3, -3, -1, 0, 
b, 1540139366.9026, -0.3473, 0.3886, -0.2639, 0.8116, -4, 2, 1, -9, -2, 1, -2, -2, 
b, 1540139366.9634, -0.3459, 0.3889, -0.2648, 0.8118, -2, 0, 9, -2, 8, 1, -4, -12, 
b, 1540139367.0252, -0.3439, 0.3895, -0.2667, 0.8117, 2, 1, 0, -27, -15, -5, 1, 1, 
b, 1540139367.0761, -0.3426, 0.3917, -0.2685, 0.8106, -3, -5, -11, -31, -13, -8, -2, 1, 
b, 1540139367.1290, -0.3408, 0.3928, -0.2689, 0.8107, 2, -3, 3, -8, -8, -3, -1, 2, 
b, 1540139367.1808, -0.3401, 0.3925, -0.2690, 0.8111, 0, 0, 5, -3, -15, -8, 1, 1, 
b, 1540139367.2427, -0.3390, 0.3924, -0.2683, 0.8118, 1, -1, -6, -14, -2, 2, -3, 3, 
b, 1540139367.2935, -0.3378, 0.3932, -0.2673, 0.8123, -2, -2, -13, -5, -11, -8, -1, -4, 
b, 1540139367.3464, -0.3361, 0.3940, -0.2662, 0.8130, 0, 3, 4, -17, -4, 5, 2, 1, 
b, 1540139367.3982, -0.3338, 0.3956, -0.2639, 0.8138, -1, 2, -6, -25, 10, 11, 2, -4, 
b, 1540139367.4581, -0.3309, 0.3969, -0.2612, 0.8153, -2, -5, 4, 0, 8, -2, -1, -2, 
b, 1540139367.5101, -0.3250, 0.3995, -0.2561, 0.8181, -1, 0, 2, -10, 3, -1, 0, -3, 
b, 1540139367.5800, -0.3218, 0.4011, -0.2554, 0.8187, 0, -1, -11, -30, -1, 1, -1, -3, 
b, 1540139367.6468, -0.3194, 0.4011, -0.2550, 0.8198, -7, -2, 0, -1, -3, -7, -5, -1, 
b, 1540139367.6978, -0.3173, 0.4008, -0.2543, 0.8210, 2, 1, -4, -24, -5, -2, -1, 5, 
b, 1540139367.7585, -0.3160, 0.4011, -0.2534, 0.8216, -1, 0, -8, -18, -5, -3, -2, -3, 
b, 1540139367.8104, -0.3137, 0.4017, -0.2546, 0.8218, 0, -2, -6, -12, 4, 3, 0, 0, 
b, 1540139367.8642, -0.3120, 0.4022, -0.2560, 0.8218, 0, 1, -2, 6, -12, -3, 3, 0, 
b, 1540139367.9151, -0.3093, 0.4037, -0.2592, 0.8210, -3, -5, -2, 8, -3, 0, 0, 4, 
b, 1540139367.9689, -0.3083, 0.4053, -0.2610, 0.8200, 0, -3, -2, -9, -3, -3, 0, -1, 
b, 1540139368.0228, -0.3087, 0.4064, -0.2613, 0.8193, 0, -1, -4, 10, 3, -4, -2, 2, 
b, 1540139368.0810, -0.3095, 0.4067, -0.2608, 0.8190, -1, 2, -8, -16, -3, 0, 0, 0, 
b, 1540139368.1507, -0.3098, 0.4072, -0.2600, 0.8189, 4, 0, 3, 59, -9, 5, 2, -5, 
b, 1540139368.2026, -0.3098, 0.4078, -0.2611, 0.8182, 4, -1, 1, 37, 0, 3, 1, 4, 
b, 1540139368.2534, -0.3110, 0.4062, -0.2644, 0.8176, 0, -2, -1, 32, -1, 1, 1, 2, 
b, 1540139368.3133, -0.3126, 0.4043, -0.2681, 0.8167, 0, 0, -1, -13, 2, -2, 1, -2, 
b, 1540139368.3653, -0.3151, 0.4031, -0.2715, 0.8151, -1, 0, -5, -15, -1, 1, 2, 0, 
b, 1540139368.4180, -0.3168, 0.4032, -0.2730, 0.8139, 2, -3, -10, 22, -11, 1, 1, 0, 
b, 1540139368.4709, -0.3207, 0.4032, -0.2732, 0.8123, -2, 1, 2, 15, 0, 2, 1, -1, 
b, 1540139368.5309, -0.3243, 0.4029, -0.2717, 0.8116, 0, -2, 1, -8, 5, 5, 3, -8, 
b, 1540139368.5915, -0.3287, 0.4017, -0.2701, 0.8109, 1, -2, 1, 11, 0, 2, 2, 1, 
b, 1540139368.6444, -0.3303, 0.4012, -0.2694, 0.8107, 0, -2, -4, -35, 4, -1, 1, 2, 
b, 1540139368.7042, -0.3323, 0.4003, -0.2690, 0.8105, -2, -6, 2, 16, 1, 1, -1, 2, 
b, 1540139368.7561, -0.3333, 0.4001, -0.2676, 0.8107, 2, 0, 2, -9, 11, 5, -1, 0, 
b, 1540139368.8159, -0.3345, 0.4015, -0.2647, 0.8104, 0, 0, -2, 0, -3, 0, -2, 0, 
b, 1540139368.8768, -0.3364, 0.4038, -0.2593, 0.8102, 0, -1, 1, -2, 3, 4, 2, -1, 
b, 1540139368.9358, -0.3383, 0.4041, -0.2520, 0.8116, -1, -2, -3, 2, -1, 0, 4, 0, 
b, 1540139368.9964, -0.3408, 0.4015, -0.2442, 0.8143, -2, 0, 3, 29, -2, -1, -1, -3, 
b, 1540139369.0566, -0.3441, 0.3975, -0.2372, 0.8169, -1, -4, -11, -20, -1, -1, 1, 1, 
b, 1540139369.1164, -0.3467, 0.3940, -0.2314, 0.8192, -1, -2, -3, -3, -1, -4, 1, 1, 
b, 1540139369.1842, -0.3487, 0.3909, -0.2267, 0.8210, 1, 1, -2, 19, -15, -4, -2, 5, 
b, 1540139369.2441, -0.3503, 0.3885, -0.2234, 0.8224, 1, 1, 1, 1, -2, -6, -4, -1, 
b, 1540139369.2969, -0.3515, 0.3857, -0.2219, 0.8236, -2, 1, 3, 19, -4, -3, 2, -2, 
b, 1540139369.3637, -0.3515, 0.3837, -0.2216, 0.8247, 0, -2, -6, -23, 5, -1, 1, -3, 
b, 1540139369.4246, -0.3499, 0.3817, -0.2234, 0.8258, -3, 0, 2, -16, 10, -1, -2, -3, 
b, 1540139369.4755, -0.3478, 0.3803, -0.2260, 0.8266, 2, 2, -2, -6, 1, -3, 0, 2, 
b, 1540139369.5354, -0.3456, 0.3802, -0.2284, 0.8269, 0, 2, 3, 14, 5, 4, 0, 1, 
b, 1540139369.5892, -0.3445, 0.3814, -0.2293, 0.8266, -5, -4, 2, -9, 0, -1, 1, 1, 
b, 1540139369.6410, -0.3418, 0.3846, -0.2294, 0.8262, -2, -2, -3, -13, 3, 1, -1, 2, 
b, 1540139369.6929, -0.3405, 0.3853, -0.2296, 0.8264, -1, 0, 10, 29, 2, 2, -3, -1, 
b, 1540139369.7427, -0.3384, 0.3853, -0.2310, 0.8268, -2, 2, 11, 27, 0, -3, 1, 1, 
b, 1540139369.7996, -0.3372, 0.3853, -0.2326, 0.8269, -2, -2, -5, -37, -2, -3, 0, -2, 
b, 1540139369.8514, -0.3365, 0.3868, -0.2355, 0.8256, 0, 1, -4, -13, -1, -1, 0, 0, 
b, 1540139369.9043, -0.3364, 0.3888, -0.2368, 0.8243, 0, 2, -4, 4, -8, 2, 3, -1, 
b, 1540139369.9562, -0.3357, 0.3906, -0.2368, 0.8238, 2, 0, -1, 48, -5, 2, 1, -3, 
b, 1540139370.0160, -0.3354, 0.3900, -0.2377, 0.8240, 1, -2, -6, -13, 10, 4, -1, 0, 
b, 1540139370.0758, -0.3366, 0.3889, -0.2394, 0.8235, -2, -1, 3, -1, -2, 0, -3, -1, 
b, 1540139370.1367, -0.3363, 0.3880, -0.2429, 0.8230, 0, 0, 0, 11, 4, -4, -1, 3, 
b, 1540139370.1965, -0.3349, 0.3880, -0.2482, 0.8220, -1, 1, 0, 15, 2, 2, 1, -2, 
b, 1540139370.2556, -0.3327, 0.3899, -0.2538, 0.8203, 0, -2, -1, 1, 3, 1, -1, -2, 
b, 1540139370.3244, -0.3303, 0.3927, -0.2583, 0.8185, -3, 0, 4, 16, 7, 0, -1, -8, 
b, 1540139370.3843, -0.3275, 0.3952, -0.2619, 0.8173, -1, -2, -20, -31, -5, 1, 1, -1, 
b, 1540139370.4451, -0.3247, 0.3973, -0.2646, 0.8165, 1, 1, 1, 9, 3, 2, 0, -2, 
b, 1540139370.4959, -0.3231, 0.3993, -0.2665, 0.8156, 1, 1, 5, 5, 8, 7, 1, 1, 
b, 1540139370.5480, -0.3224, 0.4007, -0.2672, 0.8149, 0, 2, -4, -11, 2, 1, 0, -2, 
b, 1540139370.6017, -0.3223, 0.4010, -0.2673, 0.8148, -2, -2, -15, -17, 6, 0, 0, 0, 
b, 1540139370.6615, -0.3226, 0.4011, -0.2675, 0.8146, 1, 1, 4, 20, -7, 0, -2, 4, 
b, 1540139370.7134, -0.3233, 0.4008, -0.2679, 0.8143, 1, -1, 1, 6, 0, 2, 1, -9, 
b, 1540139370.7672, -0.3238, 0.4005, -0.2681, 0.8142, 1, 0, -1, 18, 6, 1, -1, 1, 
b, 1540139370.8271, -0.3241, 0.4004, -0.2682, 0.8140, -2, -1, 1, -6, 13, 1, 1, 1, 
b, 1540139370.8790, -0.3237, 0.4001, -0.2703, 0.8137, -1, 2, 7, 16, -4, 0, -3, -1, 
b, 1540139370.9388, -0.3224, 0.4002, -0.2735, 0.8130, -1, 1, 0, 3, -1, -1, 0, 2, 
b, 1540139370.9916, -0.3223, 0.3992, -0.2766, 0.8126, -1, -2, 1, -6, 10, -4, -2, -2, 
b, 1540139371.0435, -0.3213, 0.3976, -0.2800, 0.8126, 2, 0, -3, -6, 9, 0, 3, 1, 
b, 1540139371.1044, -0.3204, 0.3965, -0.2823, 0.8126, 1, -1, -4, -2, -4, -3, 1, 1, 
b, 1540139371.1562, -0.3199, 0.3962, -0.2853, 0.8120, -2, 0, -5, 14, -3, -1, -1, -4, 
b, 1540139371.2080, -0.3195, 0.3969, -0.2877, 0.8109, -4, 1, 6, 3, 5, -1, -2, 2, 
b, 1540139371.2769, -0.3188, 0.3978, -0.2886, 0.8104, 1, 2, 2, -14, 8, -2, 0, 1, 
b, 1540139371.3277, -0.3183, 0.4000, -0.2893, 0.8093, 2, 1, -4, 2, -7, 5, 1, -1, 
b, 1540139371.3816, -0.3176, 0.4006, -0.2894, 0.8092, -1, 0, 5, 6, 0, -1, -1, -2, 
b, 1540139371.4414, -0.3171, 0.4011, -0.2899, 0.8090, 2, 1, 7, 9, -38, -6, -2, -1, 
b, 1540139371.5082, -0.3167, 0.4020, -0.2906, 0.8085, 2, -1, -2, -5, 4, -1, -1, -2, 
b, 1540139371.5691, -0.3163, 0.4026, -0.2906, 0.8083, -1, -2, -3, -27, 2, 0, 1, -3, 
b, 1540139371.6209, -0.3163, 0.4026, -0.2906, 0.8083, 1, 3, -8, 30, -19, 0, -1, -2, 
b, 1540139371.6818, -0.3163, 0.4026, -0.2906, 0.8083, -1, 0, -1, -15, 5, 1, -2, 1, 
b, 1540139371.7406, -0.3163, 0.4026, -0.2906, 0.8083, -4, -1, 1, -5, -5, 0, -1, -1, 
b, 1540139371.7925, -0.3164, 0.4026, -0.2907, 0.8083, 1, 2, 0, -10, 3, 2, -4, -11, 
b, 1540139371.8464, -0.3163, 0.4026, -0.2906, 0.8083, -1, 0, -4, -20, -6, -4, -2, 0, 
b, 1540139371.9072, -0.3168, 0.4024, -0.2906, 0.8082, -1, -1, 3, 1, 1, 0, -2, -4, 
b, 1540139371.9590, -0.3171, 0.4021, -0.2904, 0.8083, 0, -3, 7, 35, -3, 3, 1, 2, 
b, 1540139372.0109, -0.3177, 0.4020, -0.2904, 0.8082, -2, -3, 0, -18, 6, -1, 1, -11, 
b, 1540139372.0807, -0.3177, 0.4021, -0.2904, 0.8081, -1, 0, 1, -2, -7, -3, 0, 2, 
b, 1540139372.1386, -0.3177, 0.4021, -0.2904, 0.8080, -2, 2, 1, -45, 6, -4, -3, -2, 
b, 1540139372.1905, -0.3181, 0.4022, -0.2903, 0.8080, 0, -2, 1, -28, -2, -2, -1, 1, 
b, 1540139372.2433, -0.3179, 0.4023, -0.2905, 0.8079, 0, 0, -2, -20, -3, 3, 3, -4, 
b, 1540139372.2962, -0.3182, 0.4026, -0.2903, 0.8077, -1, -3, 1, -21, -2, 0, 1, -1, 
b, 1540139372.3480, -0.3182, 0.4026, -0.2903, 0.8077, -1, 2, -3, 26, 7, 2, -3, 2, 
b, 1540139372.3998, -0.3187, 0.4025, -0.2897, 0.8077, -1, 1, 0, 1, 1, -1, -2, -1, 
b, 1540139372.4549, -0.3191, 0.4025, -0.2891, 0.8078, 0, 0, 2, 2, -2, 0, 0, -1, 
b, 1540139372.5056, -0.3205, 0.4029, -0.2872, 0.8077, -1, 0, 3, -12, -3, 0, -1, -1, 
b, 1540139372.5584, -0.3219, 0.4030, -0.2838, 0.8083, 2, 2, 2, 33, -24, 0, 3, 1, 
b, 1540139372.6113, -0.3230, 0.4025, -0.2815, 0.8089, -1, 2, 3, 43, 2, 1, -2, 2, 
b, 1540139372.6631, -0.3248, 0.4014, -0.2786, 0.8098, 0, 0, 7, 1, 2, -5, -2, -1, 
b, 1540139372.7160, -0.3258, 0.4009, -0.2770, 0.8102, -1, 0, -3, -2, 5, -2, -5, -1, 
b, 1540139372.7680, -0.3267, 0.4003, -0.2755, 0.8106, 2, -1, -4, -2, -1, -2, 3, 2, 
b, 1540139372.8207, -0.3279, 0.3997, -0.2741, 0.8109, -1, 0, -2, -14, 3, 0, -2, 2, 
b, 1540139372.8736, -0.3297, 0.3997, -0.2706, 0.8113, -2, -5, -16, -28, -4, -3, 0, 1, 
b, 1540139372.9264, -0.3322, 0.3992, -0.2661, 0.8121, 2, 0, -8, -9, 4, -2, 3, 4, 
b, 1540139372.9783, -0.3341, 0.3979, -0.2593, 0.8141, 2, -1, -2, -9, 2, -2, 2, 0, 
b, 1540139373.0312, -0.3359, 0.3966, -0.2550, 0.8154, -3, 2, -4, -8, 6, 3, -1, 0, 
b, 1540139373.0990, -0.3387, 0.3951, -0.2496, 0.8166, 2, -1, -3, 1, 4, -1, 2, 5, 
b, 1540139373.1588, -0.3405, 0.3935, -0.2460, 0.8177, -2, 2, -1, 3, -1, -1, 1, 2, 
b, 1540139373.2107, -0.3416, 0.3916, -0.2435, 0.8189, -1, -3, 4, -7, 0, -2, 0, 0, 
b, 1540139373.2625, -0.3420, 0.3903, -0.2424, 0.8197, -1, 0, -1, -14, 0, -7, -3, -5, 
b, 1540139373.3234, -0.3416, 0.3895, -0.2423, 0.8203, 0, 0, -4, 0, 6, 3, 1, 1, 
b, 1540139373.3762, -0.3407, 0.3892, -0.2425, 0.8207, -2, -1, -4, -22, -7, -3, -1, -3, 
b, 1540139373.4291, -0.3397, 0.3891, -0.2435, 0.8209, 0, 1, 0, -9, -1, 1, 1, -5, 
c, 1540139384.3240, -0.5787, 0.3649, -0.3563, 0.6363, -1, 15, 28, 83, 24, -12, -7, 0, 
c, 1540139384.3869, -0.5781, 0.3658, -0.3563, 0.6365, 2, 4, 13, 2, 4, -11, -1, 0, 
c, 1540139384.4477, -0.5771, 0.3663, -0.3573, 0.6364, 4, 2, -10, -3, -26, 1, 3, 2, 
c, 1540139384.5075, -0.5747, 0.3672, -0.3589, 0.6372, 3, -3, -12, -19, 1, -3, 1, 3, 
c, 1540139384.5584, -0.5742, 0.3681, -0.3590, 0.6371, -2, 4, -11, -75, 0, -9, -3, 0, 
c, 1540139384.6182, -0.5731, 0.3685, -0.3610, 0.6368, -4, 0, 4, -30, 11, -9, -3, -3, 
c, 1540139384.6781, -0.5731, 0.3673, -0.3617, 0.6371, 0, -1, -2, 15, -8, 3, 1, -1, 
c, 1540139384.7389, -0.5737, 0.3674, -0.3621, 0.6362, 1, -2, -5, 2, 4, 1, 0, 0, 
c, 1540139384.7987, -0.5710, 0.3693, -0.3642, 0.6364, 1, -3, 1, 22, -18, 9, 5, 2, 
c, 1540139384.8586, -0.5682, 0.3676, -0.3639, 0.6400, 2, -3, -6, 2, -1, -1, 1, -1, 
c, 1540139384.9104, -0.5645, 0.3649, -0.3643, 0.6445, 2, 1, 1, -5, 6, 0, 1, 1, 
c, 1540139384.9663, -0.5660, 0.3660, -0.3622, 0.6438, 1, 0, 1, 7, 0, -5, 2, 0, 
c, 1540139385.0172, -0.5597, 0.3629, -0.3594, 0.6526, -1, 1, -6, -3, 1, -2, 1, -2, 
c, 1540139385.0680, -0.5561, 0.3613, -0.3563, 0.6582, 1, 1, -2, 0, 7, -4, -4, -2, 
c, 1540139385.1210, -0.5560, 0.3608, -0.3474, 0.6633, 3, -2, 1, 11, -4, 1, 1, 0, 
c, 1540139385.1807, -0.5514, 0.3589, -0.3411, 0.6714, 1, -2, 0, -2, 0, 1, -2, 0, 
c, 1540139385.2336, -0.5493, 0.3591, -0.3371, 0.6750, -2, 0, -1, 12, -9, -4, 6, 0, 
c, 1540139385.2854, -0.5385, 0.3570, -0.3365, 0.6851, 3, -3, 3, 7, 4, 4, 3, 3, 
c, 1540139385.3463, -0.5307, 0.3582, -0.3341, 0.6917, -1, 2, 4, 38, -10, -5, -1, -1, 
c, 1540139385.3991, -0.5185, 0.3596, -0.3203, 0.7066, 3, -4, 5, 3, 5, 0, 1, 1, 
c, 1540139385.4520, -0.5115, 0.3618, -0.3136, 0.7135, -1, -6, -4, -10, -5, -1, -2, -1, 
c, 1540139385.5040, -0.5054, 0.3646, -0.3078, 0.7189, -2, -2, 0, 3, -3, 0, -2, 0, 
c, 1540139385.5577, -0.5001, 0.3672, -0.3004, 0.7244, -3, 1, 3, 7, 4, -3, 1, -3, 
c, 1540139385.6166, -0.4948, 0.3697, -0.2980, 0.7278, 1, 1, 3, -5, 2, -6, -4, 0, 
c, 1540139385.6764, -0.4912, 0.3704, -0.2944, 0.7313, -1, -2, 16, 61, 2, -5, -4, -3, 
c, 1540139385.7362, -0.4844, 0.3713, -0.2946, 0.7353, 1, -1, -9, -21, -5, 0, -1, 2, 
c, 1540139385.7881, -0.4734, 0.3719, -0.2957, 0.7417, -2, -3, -17, -18, 3, 6, -2, -1, 
c, 1540139385.8409, -0.4500, 0.3726, -0.2964, 0.7555, 2, 0, -2, 27, 6, -3, 2, 4, 
c, 1540139385.8928, -0.4127, 0.3777, -0.3020, 0.7719, 2, -3, -4, 1, -7, -9, -4, 0, 
c, 1540139385.9616, -0.3910, 0.3823, -0.2897, 0.7855, 0, 2, -2, -17, -9, 3, 0, 0, 
c, 1540139386.0135, -0.3868, 0.3893, -0.2695, 0.7913, -2, -5, 0, 1, -7, -5, -2, 0, 
c, 1540139386.0734, -0.3727, 0.3899, -0.2609, 0.8006, 0, 4, -5, 17, -9, -2, -2, 1, 
c, 1540139386.1511, -0.3633, 0.3887, -0.2458, 0.8102, -3, 0, 3, 22, -1, 2, -2, 1, 
c, 1540139386.2020, -0.3577, 0.3881, -0.2339, 0.8165, 2, -3, -1, -17, -6, 0, 3, 1, 
c, 1540139386.2548, -0.3573, 0.3884, -0.2322, 0.8170, -3, -4, -2, 27, 14, 1, -1, -2, 
c, 1540139386.3067, -0.3584, 0.3903, -0.2308, 0.8160, -2, -4, 4, 16, 0, -1, -1, -3, 
c, 1540139386.3675, -0.3613, 0.3895, -0.2305, 0.8152, 3, 0, 5, -3, -14, -5, 6, 3, 
c, 1540139386.4204, -0.3654, 0.3885, -0.2307, 0.8138, 1, 0, -5, 0, -6, -3, -9, -1, 
c, 1540139386.4792, -0.3687, 0.3882, -0.2314, 0.8123, -4, -1, 1, 5, 5, -1, 3, -3, 
c, 1540139386.5401, -0.3701, 0.3879, -0.2314, 0.8118, 3, -3, -3, 6, -16, -2, 8, 1, 
c, 1540139386.5919, -0.3708, 0.3876, -0.2298, 0.8121, 4, 0, -9, -2, 1, 6, 2, -2, 
c, 1540139386.6438, -0.3710, 0.3878, -0.2277, 0.8125, -3, 2, 9, 22, 26, 1, -20, -7, 
c, 1540139386.6967, -0.3715, 0.3875, -0.2266, 0.8127, 3, 5, 5, -13, -18, -6, 3, 2, 
c, 1540139386.7565, -0.3740, 0.3870, -0.2266, 0.8118, -2, -1, -6, -3, 11, 3, 3, 0, 
c, 1540139386.8173, -0.3755, 0.3860, -0.2275, 0.8113, -4, -1, 12, 58, 13, 10, 3, -2, 
c, 1540139386.8692, -0.3767, 0.3856, -0.2272, 0.8110, 1, 4, -4, -13, -9, -1, 4, 0, 
c, 1540139386.9290, -0.3754, 0.3867, -0.2241, 0.8120, 0, 0, -1, -1, -4, -3, 1, 0, 
c, 1540139386.9809, -0.3731, 0.3864, -0.2216, 0.8138, -3, 1, -1, 3, -7, 2, -9, -1, 
c, 1540139387.0338, -0.3719, 0.3860, -0.2195, 0.8151, -3, -1, 3, 7, 3, 1, 0, 0, 
c, 1540139387.0928, -0.3690, 0.3830, -0.2172, 0.8185, 0, 2, -7, -2, -3, 1, -1, -2, 
c, 1540139387.1534, -0.3663, 0.3801, -0.2170, 0.8211, -3, -5, 1, -6, -1, -3, 9, 2, 
c, 1540139387.2063, -0.3646, 0.3791, -0.2168, 0.8224, 4, 10, 10, -7, -9, -5, -9, 1, 
c, 1540139387.2582, -0.3589, 0.3801, -0.2152, 0.8248, -3, 0, -2, -7, -11, 0, 1, -2, 
c, 1540139387.3100, -0.3540, 0.3830, -0.2126, 0.8263, -1, 0, 4, -19, 5, -8, -2, -1, 
c, 1540139387.3631, -0.3522, 0.3840, -0.2109, 0.8270, 0, 4, -8, -13, 8, 4, 8, 3, 
c, 1540139387.4239, -0.3524, 0.3840, -0.2093, 0.8273, 0, 0, -3, -15, 0, -5, 6, 1, 
c, 1540139387.4766, -0.3533, 0.3829, -0.2080, 0.8278, 0, 2, 4, 36, -6, 2, 1, 0, 
c, 1540139387.5364, -0.3539, 0.3824, -0.2075, 0.8279, -2, -6, 2, -14, -1, 0, 15, 3, 
c, 1540139387.5883, -0.3542, 0.3831, -0.2070, 0.8276, 0, -2, 4, -4, -5, -1, 1, -1, 
c, 1540139387.6501, -0.3541, 0.3835, -0.2064, 0.8276, 0, 2, 4, 20, -12, 1, -4, -2, 
c, 1540139387.7169, -0.3538, 0.3839, -0.2059, 0.8277, 1, 4, 3, -27, 0, -1, 1, -1, 
c, 1540139387.7688, -0.3536, 0.3843, -0.2054, 0.8277, 0, 0, 4, -15, 0, -2, -3, 0, 
c, 1540139387.8296, -0.3533, 0.3845, -0.2065, 0.8275, 1, -7, -18, -4, -3, 2, -4, 1, 
c, 1540139387.8880, -0.3546, 0.3842, -0.2079, 0.8267, 1, 0, -1, 2, -6, -1, -1, -1, 
c, 1540139387.9488, -0.3546, 0.3840, -0.2087, 0.8265, -2, -2, -1, -9, -5, 1, 0, 2, 
c, 1540139388.0017, -0.3548, 0.3840, -0.2078, 0.8267, -2, -3, -2, 3, 1, -2, -2, -2, 
c, 1540139388.0535, -0.3541, 0.3846, -0.2082, 0.8266, -1, 3, -1, -13, -1, -5, -9, -1, 
c, 1540139388.1144, -0.3532, 0.3853, -0.2086, 0.8266, -2, 0, -11, 2, -3, -3, -8, -2, 
c, 1540139388.1652, -0.3535, 0.3853, -0.2096, 0.8262, -1, 0, 9, 30, -8, -1, 0, 0, 
c, 1540139388.2181, -0.3553, 0.3843, -0.2101, 0.8257, 0, -2, 2, -31, 5, -4, -2, -3, 
c, 1540139388.2719, -0.3556, 0.3843, -0.2106, 0.8255, 0, 0, 4, 4, 0, -1, 0, 3, 
c, 1540139388.3338, -0.3553, 0.3851, -0.2113, 0.8251, 0, 1, 4, 12, 1, 0, -2, 0, 
c, 1540139388.3926, -0.3554, 0.3860, -0.2134, 0.8240, 0, -2, 1, 12, 1, 0, 0, 1, 
c, 1540139388.4447, -0.3558, 0.3860, -0.2138, 0.8238, 1, -1, 4, 47, -9, -2, -4, -1, 
c, 1540139388.4956, -0.3577, 0.3853, -0.2144, 0.8232, 0, -4, 1, -25, -7, -1, 7, -2, 
c, 1540139388.5492, -0.3581, 0.3855, -0.2144, 0.8229, 0, -1, 0, 3, 4, -1, 2, -2, 
c, 1540139388.6100, -0.3586, 0.3856, -0.2141, 0.8227, 1, 4, 3, 35, 6, -3, -2, -1, 
c, 1540139388.6689, -0.3586, 0.3856, -0.2141, 0.8227, 0, 1, 1, 0, 2, -1, 0, 0, 
c, 1540139388.7208, -0.3582, 0.3858, -0.2145, 0.8227, 0, 4, -10, -25, 2, -2, -2, -2, 
c, 1540139388.7736, -0.3574, 0.3860, -0.2148, 0.8228, 2, -1, 4, -2, -8, 1, 3, 2, 
c, 1540139388.8255, -0.3568, 0.3869, -0.2149, 0.8227, 0, 1, 1, 5, 1, 0, -2, 2, 
c, 1540139388.8863, -0.3559, 0.3876, -0.2151, 0.8226, 2, 3, -5, -5, -7, -2, -2, 0, 
c, 1540139388.9461, -0.3552, 0.3884, -0.2155, 0.8226, 1, 0, -1, -30, 1, 0, -3, -2, 
c, 1540139388.9980, -0.3550, 0.3885, -0.2156, 0.8225, -2, 1, 4, -7, -3, 1, 2, 1, 
c, 1540139389.0509, -0.3550, 0.3886, -0.2156, 0.8224, 1, 2, 0, -7, 1, -1, -2, 2, 
c, 1540139389.1037, -0.3550, 0.3887, -0.2156, 0.8224, -3, 2, 0, 5, -5, -5, -1, 1, 
c, 1540139389.1636, -0.3551, 0.3890, -0.2156, 0.8222, 1, 3, 8, -4, -5, 5, 1, 1, 
c, 1540139389.2234, -0.3550, 0.3893, -0.2157, 0.8221, 0, -2, -8, 0, 11, -2, 0, 0, 
c, 1540139389.2832, -0.3547, 0.3897, -0.2160, 0.8220, -2, 1, 3, -2, -4, -2, 3, 1, 
c, 1540139389.3431, -0.3544, 0.3900, -0.2170, 0.8217, 0, 0, -6, -30, 0, -1, -1, -2, 
c, 1540139389.4030, -0.3547, 0.3901, -0.2181, 0.8212, 1, -2, 0, -2, 2, 2, 0, -1, 
c, 1540139389.4628, -0.3548, 0.3901, -0.2181, 0.8212, 1, -2, -2, 33, 6, 3, 1, 0, 
c, 1540139389.5318, -0.3542, 0.3906, -0.2189, 0.8209, -2, -3, -17, -7, 5, 4, -2, 0, 
c, 1540139389.5834, -0.3535, 0.3911, -0.2192, 0.8210, -3, 1, 5, 10, -3, -2, -1, 1, 
c, 1540139389.6364, -0.3530, 0.3911, -0.2193, 0.8212, 1, 1, -5, -8, 2, -2, 0, 0, 
c, 1540139389.6891, -0.3525, 0.3910, -0.2194, 0.8214, -1, 0, 0, 2, 4, -1, 3, 0, 
c, 1540139389.7490, -0.3523, 0.3912, -0.2195, 0.8214, 1, 2, 2, 14, 12, 3, 0, -1, 
c, 1540139389.8088, -0.3521, 0.3914, -0.2197, 0.8214, -1, -1, -9, -9, -4, -3, -2, -2, 
c, 1540139389.8707, -0.3517, 0.3915, -0.2201, 0.8213, -2, 0, -2, 11, 9, -3, -1, -2, 
c, 1540139389.9225, -0.3510, 0.3915, -0.2209, 0.8214, -4, -3, -4, -11, 0, 1, -1, -1, 
c, 1540139389.9745, -0.3506, 0.3917, -0.2220, 0.8212, -1, -2, -2, 5, -3, 0, 1, 1, 
c, 1540139390.0253, -0.3502, 0.3920, -0.2229, 0.8209, 1, -4, 3, -10, -4, -1, 1, 2, 
c, 1540139390.0861, -0.3500, 0.3922, -0.2231, 0.8209, -3, 4, -2, -10, -2, -3, -1, -2, 
c, 1540139390.1389, -0.3500, 0.3922, -0.2231, 0.8209, 1, 3, 5, 11, -2, -1, 0, -1, 
c, 1540139390.1990, -0.3498, 0.3927, -0.2231, 0.8207, -2, -3, -10, -41, 1, 2, 1, 1, 
c, 1540139390.2506, -0.3495, 0.3928, -0.2231, 0.8208, 1, 4, 7, 3, -2, -2, -3, -1, 
c, 1540139390.3035, -0.3490, 0.3931, -0.2232, 0.8209, -4, -5, -3, 8, 1, 0, 0, 0, 
c, 1540139390.3623, -0.3489, 0.3934, -0.2231, 0.8208, -3, -4, -12, 24, 12, 6, -1, -2, 
c, 1540139390.4162, -0.3484, 0.3936, -0.2233, 0.8208, -1, -4, -4, -27, 5, -2, -2, -1, 
c, 1540139390.4770, -0.3484, 0.3936, -0.2233, 0.8208, -1, 4, 1, -12, -2, 0, -1, -1, 
c, 1540139390.5291, -0.3484, 0.3941, -0.2234, 0.8206, -2, -3, -1, -23, 4, 1, -1, 0, 
c, 1540139390.5897, -0.3486, 0.3944, -0.2232, 0.8204, 0, 0, -4, 3, -5, 1, -2, -1, 
c, 1540139390.6406, -0.3485, 0.3944, -0.2233, 0.8204, -2, 0, 2, 13, 4, 2, -3, -1, 
c, 1540139390.6945, -0.3484, 0.3943, -0.2234, 0.8204, 0, -2, -3, -19, -6, 3, 2, 2, 
c, 1540139390.7453, -0.3477, 0.3949, -0.2240, 0.8203, -3, -5, 6, 19, -4, -1, -1, -3, 
c, 1540139390.8062, -0.3474, 0.3952, -0.2240, 0.8203, -1, 0, 0, -11, -2, 2, 2, -2, 
c, 1540139390.8670, -0.3475, 0.3953, -0.2239, 0.8203, 0, 2, 3, -10, -9, -5, 0, 0, 
c, 1540139390.9189, -0.3481, 0.3953, -0.2238, 0.8201, -1, -3, -4, -13, 0, 0, -4, -2, 
c, 1540139390.9717, -0.3483, 0.3953, -0.2236, 0.8200, -1, 1, 2, 14, 2, -1, -2, -1, 
c, 1540139391.0226, -0.3489, 0.3962, -0.2227, 0.8195, -3, 0, -1, 22, -3, -2, -3, -1, 
c, 1540139391.0844, -0.3489, 0.3966, -0.2225, 0.8194, -1, -2, 4, 15, 5, 2, -3, -2, 
c, 1540139391.1353, -0.3481, 0.3965, -0.2226, 0.8198, -1, -3, 0, -11, -7, -2, 0, -1, 
c, 1540139391.1971, -0.3470, 0.3968, -0.2231, 0.8199, 0, 1, 7, 5, -7, -2, -1, -1, 
c, 1540139391.2500, -0.3470, 0.3969, -0.2231, 0.8199, -3, -2, -1, -24, 0, -2, 0, -1, 
c, 1540139391.3088, -0.3471, 0.3970, -0.2230, 0.8198, 1, -2, 7, 0, 3, 0, 0, 0, 
c, 1540139391.3607, -0.3478, 0.3971, -0.2228, 0.8196, -2, 2, -2, -4, 4, 1, -1, 2, 
c, 1540139391.4136, -0.3476, 0.3974, -0.2228, 0.8195, -1, -3, -8, -10, -1, 0, -1, 1, 
c, 1540139391.4754, -0.3477, 0.3974, -0.2230, 0.8194, 0, -1, 4, -4, 10, 0, 1, 0, 
c, 1540139391.5372, -0.3479, 0.3972, -0.2231, 0.8194, -1, 3, 2, 7, 9, -2, -4, 1, 
c, 1540139391.6030, -0.3481, 0.3973, -0.2235, 0.8192, -1, -5, 4, 20, -6, 3, 0, -1, 
c, 1540139391.6529, -0.3483, 0.3972, -0.2235, 0.8191, 0, 1, -1, -27, 3, -1, -2, -3, 
c, 1540139391.7057, -0.3488, 0.3969, -0.2236, 0.8190, 1, 1, -3, 4, -5, -4, -1, -1, 
c, 1540139391.7656, -0.3494, 0.3960, -0.2247, 0.8188, 1, 0, 1, -9, -3, 1, -2, -1, 
c, 1540139391.8184, -0.3492, 0.3956, -0.2253, 0.8190, -1, 2, 2, 2, -2, -1, 1, 2, 
c, 1540139391.8713, -0.3492, 0.3956, -0.2253, 0.8190, -1, -2, -6, -1, -6, -3, -3, -1, 
c, 1540139391.9391, -0.3495, 0.3958, -0.2257, 0.8187, 1, -3, -2, -5, -5, -1, 1, -1, 
c, 1540139391.9912, -0.3498, 0.3958, -0.2258, 0.8185, -1, -2, -3, 6, 1, 1, 1, -1, 
c, 1540139392.0518, -0.3495, 0.3962, -0.2256, 0.8185, 0, -2, 1, 2, 4, 2, -4, 0, 
c, 1540139392.1027, -0.3492, 0.3964, -0.2255, 0.8185, -1, 2, 3, -1, -1, -2, -4, -2, 
c, 1540139392.1555, -0.3495, 0.3964, -0.2253, 0.8185, 1, 0, 1, 6, -2, -7, 1, 0, 
c, 1540139392.2084, -0.3500, 0.3961, -0.2255, 0.8184, 0, 3, -1, -23, -4, -1, 3, -1, 
c, 1540139392.2692, -0.3501, 0.3961, -0.2255, 0.8183, -2, -3, -1, -16, 5, 0, -1, -1, 
c, 1540139392.3291, -0.3501, 0.3962, -0.2258, 0.8182, -1, -8, 3, 16, -9, -3, 0, 0, 
c, 1540139392.3809, -0.3501, 0.3962, -0.2258, 0.8182, -3, 0, -1, -10, 5, 3, -1, 2, 
c, 1540139392.4408, -0.3489, 0.3965, -0.2253, 0.8187, 1, 0, -4, -3, 5, 3, 1, 1, 
c, 1540139392.4936, -0.3491, 0.3968, -0.2248, 0.8187, 0, 1, 4, 0, 3, 1, -5, -1, 
c, 1540139392.5455, -0.3489, 0.3973, -0.2245, 0.8185, 1, -2, 2, -6, 0, 3, -1, 0, 
c, 1540139392.6063, -0.3491, 0.3973, -0.2247, 0.8184, -3, -7, -1, -9, 4, -2, -1, -2, 
c, 1540139392.6582, -0.3492, 0.3971, -0.2252, 0.8183, -5, -3, -2, -34, 7, -4, -3, -2, 
c, 1540139392.7101, -0.3491, 0.3972, -0.2254, 0.8182, -1, -1, -5, -2, -2, -2, 1, 0, 
c, 1540139392.7629, -0.3490, 0.3972, -0.2259, 0.8182, 5, 5, 7, -1, -7, 0, 2, 0, 
c, 1540139392.8318, -0.3492, 0.3969, -0.2264, 0.8181, -1, -1, -3, -2, -1, -4, -3, -1, 
c, 1540139392.8846, -0.3495, 0.3968, -0.2271, 0.8177, -1, -2, -5, 0, -9, 0, 0, -1, 
c, 1540139392.9355, -0.3505, 0.3969, -0.2275, 0.8172, 0, 0, 0, 33, 0, -1, -1, 0, 
c, 1540139392.9873, -0.3511, 0.3972, -0.2273, 0.8168, -2, -1, -2, 1, 2, -1, -4, -1, 
c, 1540139393.0412, -0.3511, 0.3972, -0.2273, 0.8168, -2, 1, -1, -4, -3, -5, 2, -1, 
c, 1540139393.0931, -0.3511, 0.3972, -0.2274, 0.8168, 4, 2, -3, -5, -7, -1, 2, 2, 
c, 1540139393.1449, -0.3509, 0.3973, -0.2274, 0.8168, 0, -1, -2, 18, 4, -2, -1, 0, 
c, 1540139393.1979, -0.3509, 0.3973, -0.2274, 0.8168, 3, 2, 0, -3, 1, 3, 0, -1, 
c, 1540139393.2526, -0.3508, 0.3974, -0.2274, 0.8169, -1, 0, -2, -9, 18, 1, -1, 0, 
c, 1540139393.3045, -0.3507, 0.3973, -0.2272, 0.8170, 0, 0, -11, -17, 6, 0, 2, 2, 
c, 1540139393.3564, -0.3507, 0.3974, -0.2272, 0.8170, -1, -1, -3, 4, 2, 0, 1, -1, 
c, 1540139393.4162, -0.3508, 0.3974, -0.2272, 0.8169, 0, 4, 7, 15, 2, 1, -1, -2, 
c, 1540139393.4680, -0.3508, 0.3975, -0.2272, 0.8169, -1, -7, -1, -10, 13, 1, -4, -2, 
c, 1540139393.5219, -0.3507, 0.3974, -0.2272, 0.8170, 2, -2, -3, 2, -9, -3, 1, 1, 
c, 1540139393.5897, -0.3507, 0.3974, -0.2272, 0.8170, -2, -3, -9, -14, -2, -1, -1, 0, 
c, 1540139393.6426, -0.3508, 0.3973, -0.2271, 0.8170, 0, 1, -1, -9, 1, -1, 0, 1, 
c, 1540139393.6934, -0.3507, 0.3973, -0.2271, 0.8170, -6, -2, -3, -8, 1, 0, -1, -1, 
c, 1540139393.7553, -0.3508, 0.3974, -0.2271, 0.8170, -1, 1, -7, -12, -5, 1, 1, -1, 
c, 1540139393.8081, -0.3506, 0.3973, -0.2272, 0.8170, 2, -2, 2, -3, 4, -2, -2, 0, 
c, 1540139393.8651, -0.3508, 0.3972, -0.2272, 0.8171, -1, 2, 0, -15, 2, -1, 1, -1, 
c, 1540139393.9178, -0.3504, 0.3974, -0.2273, 0.8171, 0, 0, -2, 1, 1, -2, 0, -1, 
c, 1540139393.9707, -0.3500, 0.3975, -0.2272, 0.8172, 2, 4, 1, 0, -1, -6, -2, 0, 
c, 1540139394.0245, -0.3498, 0.3976, -0.2272, 0.8172, -2, 3, -5, -4, -1, -6, -4, 0, 
c, 1540139394.0754, -0.3502, 0.3974, -0.2274, 0.8171, 0, -2, 9, 3, -2, 0, 2, 2, 
c, 1540139394.1352, -0.3501, 0.3973, -0.2276, 0.8171, 1, -4, 1, 36, -6, 2, -1, 0, 
c, 1540139394.1951, -0.3496, 0.3974, -0.2277, 0.8173, -1, 0, -3, -4, 0, 2, 3, -1, 
c, 1540139394.2480, -0.3494, 0.3976, -0.2278, 0.8172, -4, -1, 3, 7, 11, 2, -1, -2, 
c, 1540139394.3008, -0.3495, 0.3976, -0.2278, 0.8172, -2, -4, -8, 21, 2, 1, -1, -3, 
c, 1540139394.3547, -0.3492, 0.3978, -0.2278, 0.8172, -2, 0, 4, 29, 13, -1, -3, -2, 
c, 1540139394.4055, -0.3493, 0.3978, -0.2278, 0.8171, 1, 0, -4, -22, -1, 1, -1, -2, 
c, 1540139394.4666, -0.3494, 0.3978, -0.2281, 0.8171, -1, -7, -2, -5, -6, -4, -1, -3, 
c, 1540139394.5272, -0.3493, 0.3977, -0.2286, 0.8170, -3, 1, 3, 13, 7, -3, -4, 0, 
c, 1540139394.5781, -0.3494, 0.3975, -0.2287, 0.8170, -1, -1, -3, 12, -1, -2, -3, -1, 
c, 1540139394.6459, -0.3491, 0.3980, -0.2289, 0.8169, 0, -2, -3, 7, 1, 1, 0, -1, 
c, 1540139394.6977, -0.3494, 0.3980, -0.2288, 0.8168, -1, -1, 0, -8, -3, -1, -1, -1, 
c, 1540139394.7576, -0.3491, 0.3981, -0.2285, 0.8170, 2, 1, -2, 9, -5, -2, -2, -1, 
c, 1540139394.8184, -0.3494, 0.3979, -0.2292, 0.8167, 0, 1, -5, -6, -2, 0, 0, 1, 
c, 1540139394.8785, -0.3494, 0.3978, -0.2299, 0.8166, -2, 2, -1, -9, 3, -6, -1, -1, 
c, 1540139394.9303, -0.3494, 0.3978, -0.2299, 0.8166, 4, 5, 4, 11, -9, -1, -2, 0, 
c, 1540139394.9910, -0.3492, 0.3979, -0.2303, 0.8165, -2, 3, -4, 27, 3, -3, -1, -1, 
c, 1540139395.0688, -0.3492, 0.3979, -0.2310, 0.8163, -1, 3, -1, -15, 4, 0, 2, -1, 
c, 1540139395.1186, -0.3496, 0.3979, -0.2312, 0.8160, -4, -5, -2, -11, 5, -1, 0, 2, 
c, 1540139395.1785, -0.3500, 0.3979, -0.2314, 0.8159, 1, -1, -1, 4, -3, 0, -2, -2, 
c, 1540139395.2383, -0.3498, 0.3980, -0.2313, 0.8159, 0, 1, 4, 10, -2, 1, 1, 1, 
c, 1540139395.2991, -0.3494, 0.3981, -0.2310, 0.8161, -1, 0, -15, -30, 1, -3, -1, 0, 
c, 1540139395.3590, -0.3491, 0.3983, -0.2313, 0.8160, -1, -2, -4, -16, -2, -3, -1, -1, 
c, 1540139395.4188, -0.3490, 0.3983, -0.2318, 0.8159, -1, -6, -3, -1, -7, 1, -1, 1, 
c, 1540139395.4717, -0.3491, 0.3983, -0.2318, 0.8159, -1, -3, 4, 8, 1, 1, -2, 0, 
c, 1540139395.5245, -0.3491, 0.3984, -0.2318, 0.8159, 0, -1, -2, -1, 1, 3, 1, -1, 
c, 1540139395.5854, -0.3492, 0.3988, -0.2319, 0.8156, -2, -1, -8, -15, 3, -3, -3, 0, 
c, 1540139395.6362, -0.3486, 0.3996, -0.2321, 0.8154, -2, -1, -1, -12, 4, -1, -4, -4, 
c, 1540139395.6971, -0.3486, 0.3996, -0.2321, 0.8154, -4, -6, 0, -27, -4, -2, -2, -1, 
c, 1540139395.7492, -0.3486, 0.3996, -0.2321, 0.8154, 1, 4, -1, 4, 1, 0, -3, 0, 
c, 1540139395.8008, -0.3483, 0.3998, -0.2322, 0.8154, 4, 0, 5, 24, -8, 3, 0, 2, 
c, 1540139395.8527, -0.3483, 0.3999, -0.2321, 0.8154, -2, -2, 0, -22, 0, -4, -1, 0, 
c, 1540139395.9055, -0.3489, 0.4000, -0.2322, 0.8150, -1, 0, -3, 6, 0, -2, -3, -2, 
c, 1540139395.9656, -0.3490, 0.4001, -0.2322, 0.8150, -1, 1, 0, -1, -4, -6, 3, -3, 
c, 1540139396.0192, -0.3500, 0.3994, -0.2321, 0.8149, -2, -3, -3, -5, 6, -2, -2, -1, 
c, 1540139396.0791, -0.3502, 0.3993, -0.2318, 0.8149, -2, -1, 1, 4, -2, -2, 0, 0, 
c, 1540139396.1409, -0.3496, 0.3999, -0.2316, 0.8150, -1, 1, -1, -15, -10, -2, 1, 2, 
c, 1540139396.2059, -0.3484, 0.3999, -0.2309, 0.8157, -2, 0, -1, -11, 13, -3, -1, -1, 
c, 1540139396.2675, -0.3480, 0.3999, -0.2310, 0.8158, -1, -1, 1, 29, 0, 4, -1, 0, 
c, 1540139396.3194, -0.3483, 0.3996, -0.2314, 0.8157, 0, 2, 6, 0, 10, 0, -2, -2, 
c, 1540139396.3802, -0.3482, 0.3998, -0.2315, 0.8157, -1, 0, 5, -11, -2, -2, -2, -1, 
c, 1540139396.4381, -0.3491, 0.3992, -0.2320, 0.8154, -2, 1, 3, 12, 0, -5, -2, 1, 
c, 1540139396.4979, -0.3496, 0.3986, -0.2328, 0.8152, 0, 2, 3, -10, -8, -1, 3, 0, 
c, 1540139396.5578, -0.3499, 0.3981, -0.2341, 0.8150, 0, 2, 0, -1, -2, -1, 2, -1, 
c, 1540139396.6108, -0.3499, 0.3984, -0.2345, 0.8147, -1, 2, -2, 8, -5, -1, -1, 7, 
c, 1540139396.6635, -0.3486, 0.3991, -0.2354, 0.8147, -3, 0, 4, -5, 1, -3, -4, 2, 
c, 1540139396.7233, -0.3484, 0.3994, -0.2361, 0.8145, -2, -2, -1, -5, 2, 0, -3, 1, 
c, 1540139396.7832, -0.3503, 0.3984, -0.2393, 0.8132, -1, -1, 9, 12, -1, -2, -1, 1, 
c, 1540139396.8520, -0.3520, 0.3984, -0.2404, 0.8121, -1, -3, 2, -6, -3, -2, 0, -3, 
c, 1540139396.9111, -0.3583, 0.3965, -0.2427, 0.8096, -1, -2, -2, -4, 5, 0, 0, 0, 
c, 1540139396.9637, -0.3600, 0.3960, -0.2440, 0.8087, -3, 0, 0, -3, 1, -3, -3, 1, 
c, 1540139397.0155, -0.3607, 0.3959, -0.2443, 0.8084, -1, -1, -5, -11, 4, 0, 2, -2, 
c, 1540139397.0764, -0.3605, 0.3962, -0.2451, 0.8080, -1, -3, -2, 4, 3, 2, 0, -1, 
c, 1540139397.1282, -0.3607, 0.3954, -0.2469, 0.8078, 1, -1, -1, -1, 1, -2, -2, -3, 
c, 1540139397.1891, -0.3635, 0.3947, -0.2491, 0.8063, -1, 1, -2, -9, 3, -2, -3, -2, 
c, 1540139397.2409, -0.3669, 0.3939, -0.2527, 0.8040, 1, -2, 0, 10, -1, -2, 1, 0, 
c, 1540139397.3008, -0.3690, 0.3940, -0.2567, 0.8017, -1, -4, 0, 0, 1, -2, 0, -1, 
c, 1540139397.3536, -0.3713, 0.3937, -0.2583, 0.8002, -2, -1, -1, 12, -5, -1, 1, -2, 
c, 1540139397.4075, -0.3719, 0.3936, -0.2595, 0.7996, -3, -1, 1, -9, -4, -1, 0, -1, 
c, 1540139397.4575, -0.3718, 0.3937, -0.2599, 0.7996, 1, 0, -7, -3, 0, -1, -2, -1, 
c, 1540139397.5104, -0.3715, 0.3934, -0.2607, 0.7995, 0, -1, 0, 2, 2, -1, 0, -2, 
c, 1540139397.5632, -0.3721, 0.3929, -0.2621, 0.7991, 0, 2, 9, 26, 10, 4, 1, 1, 
c, 1540139397.6161, -0.3726, 0.3925, -0.2634, 0.7986, -1, 0, -1, -14, 4, -2, -2, -1, 
c, 1540139397.6679, -0.3730, 0.3922, -0.2648, 0.7981, -1, 1, -4, -9, -2, 0, 1, -2, 
c, 1540139397.7208, -0.3749, 0.3918, -0.2675, 0.7965, -2, -2, -2, 4, -1, 0, 2, -2, 
c, 1540139397.7726, -0.3772, 0.3914, -0.2697, 0.7949, 0, 2, 5, 14, -9, -2, 0, -1, 
j, 1540139408.2593, -0.5272, 0.3347, -0.3539, 0.6963, 1, 2, 8, 7, -13, 0, 3, 1, 
j, 1540139408.3262, -0.5266, 0.3344, -0.3541, 0.6968, 50, 7, 5, 13, -4, -3, -2, 4, 
j, 1540139408.3790, -0.5270, 0.3350, -0.3537, 0.6964, -17, -3, 8, 28, -13, -2, 1, -1, 
j, 1540139408.4388, -0.5271, 0.3350, -0.3539, 0.6962, -5, 2, 13, -20, 7, -7, -1, 1, 
j, 1540139408.4987, -0.5266, 0.3339, -0.3546, 0.6968, 21, 8, 16, -39, 2, -8, -4, -4, 
j, 1540139408.5585, -0.5265, 0.3341, -0.3542, 0.6969, 1, -5, -2, 38, -3, -2, 0, -3, 
j, 1540139408.6183, -0.5262, 0.3343, -0.3549, 0.6967, 0, -2, -5, -32, 9, 5, 1, 1, 
j, 1540139408.6792, -0.5255, 0.3342, -0.3554, 0.6970, 14, 2, -1, -11, 12, 2, -4, -11, 
j, 1540139408.7311, -0.5244, 0.3337, -0.3557, 0.6980, 1, 6, 10, 15, -5, 0, 2, -4, 
j, 1540139408.7839, -0.5242, 0.3325, -0.3553, 0.6990, 1, -6, -3, -3, -3, 0, 2, -4, 
j, 1540139408.8519, -0.5229, 0.3316, -0.3554, 0.7002, 0, 0, -4, -9, 5, -6, 0, -2, 
j, 1540139408.9039, -0.5232, 0.3336, -0.3535, 0.7000, -3, 0, 3, 2, -4, -4, 0, 0, 
j, 1540139408.9557, -0.5223, 0.3333, -0.3522, 0.7015, 0, -1, 1, 4, -3, -2, 1, -1, 
j, 1540139409.0105, -0.5229, 0.3365, -0.3506, 0.7003, -1, 1, 7, -7, -5, -6, -1, -2, 
j, 1540139409.0614, -0.5210, 0.3346, -0.3434, 0.7062, 1, 0, -2, -8, 0, 0, 1, 0, 
j, 1540139409.1222, -0.5165, 0.3367, -0.3396, 0.7103, -1, -2, 1, 19, -3, 1, 0, 2, 
j, 1540139409.1811, -0.5090, 0.3380, -0.3333, 0.7180, -1, 4, 13, -5, 6, 3, -3, -2, 
j, 1540139409.2419, -0.5007, 0.3389, -0.3277, 0.7260, -2, 3, -3, 3, 0, -3, 0, -1, 
j, 1540139409.3010, -0.4887, 0.3401, -0.3210, 0.7365, 2, 4, -6, 7, -5, 0, 1, 4, 
j, 1540139409.3688, -0.4673, 0.3354, -0.3239, 0.7512, 1, 6, 32, -1, -5, 4, 0, -6, 
j, 1540139409.4226, -0.4286, 0.3337, -0.3347, 0.7700, -4, -1, -6, -16, -15, -11, -4, -7, 
j, 1540139409.4895, -0.3933, 0.3358, -0.3335, 0.7882, -1, 1, 10, -10, -11, -6, -2, 5, 
j, 1540139409.5493, -0.3752, 0.3403, -0.3292, 0.7968, 0, -5, -8, -9, -4, 0, -2, 6, 
j, 1540139409.6002, -0.3436, 0.3421, -0.3278, 0.8109, -2, -4, -7, -29, -5, -2, 3, -1, 
j, 1540139409.6620, -0.3329, 0.3423, -0.3265, 0.8157, 5, 5, 5, 3, -1, 5, -1, 16, 
j, 1540139409.7288, -0.3120, 0.3418, -0.3301, 0.8227, 3, 0, -1, 7, -4, -14, -3, -4, 
j, 1540139409.7897, -0.2993, 0.3386, -0.3369, 0.8260, -5, -5, -6, -6, 1, -7, -6, -25, 
j, 1540139409.8405, -0.2970, 0.3380, -0.3428, 0.8246, 12, 1, 8, 9, 10, 7, 7, 63, 
j, 1540139409.8934, -0.2988, 0.3361, -0.3430, 0.8246, -3, -3, -8, -6, -7, -6, -2, -19, 
j, 1540139409.9462, -0.3097, 0.3358, -0.3370, 0.8232, 5, 0, -10, -28, 1, 8, -2, 33, 
j, 1540139409.9981, -0.3215, 0.3392, -0.3325, 0.8192, -1, -4, -6, -3, 4, 6, 1, -10, 
j, 1540139410.0501, -0.3381, 0.3418, -0.3260, 0.8139, -3, 1, -8, 3, 2, 3, -6, -39, 
j, 1540139410.1038, -0.3674, 0.3479, -0.3117, 0.8042, 1, 11, 18, 38, 10, 5, -1, 20, 
j, 1540139410.1557, -0.4016, 0.3598, -0.2888, 0.7911, 0, 2, 3, -1, 4, 2, 2, -15, 
j, 1540139410.2105, -0.4182, 0.3667, -0.2765, 0.7838, 3, -6, -1, 1, -2, 6, 2, 0, 
j, 1540139410.2684, -0.4999, 0.3889, -0.2210, 0.7416, -4, 2, 9, -1, -10, -7, -6, 4, 
j, 1540139410.3202, -0.5327, 0.3941, -0.1961, 0.7228, -2, -4, 3, -3, -5, -3, -1, -2, 
j, 1540139410.3731, -0.5508, 0.3946, -0.1827, 0.7124, -5, -13, 10, -9, -1, 2, -3, -12, 
j, 1540139410.4250, -0.5761, 0.3911, -0.1587, 0.7000, 0, 5, -20, 2, -4, -2, -4, -1, 
j, 1540139410.4860, -0.5981, 0.3835, -0.1370, 0.6902, 3, 25, -18, 7, 7, 8, 6, -5, 
j, 1540139410.5377, -0.6177, 0.3801, -0.1147, 0.6788, 3, -1, 6, 1, 0, 1, 2, 2, 
j, 1540139410.5905, -0.6164, 0.3835, -0.1133, 0.6783, -1, 9, -25, -12, -5, 1, -3, -3, 
j, 1540139410.6424, -0.6166, 0.3837, -0.1094, 0.6786, -5, -5, 0, -1, -3, -2, 3, -7, 
j, 1540139410.6953, -0.6151, 0.3796, -0.1129, 0.6818, 0, -6, -14, -7, 0, -2, -2, -4, 
j, 1540139410.7481, -0.6153, 0.3781, -0.1131, 0.6824, -2, -1, -12, -7, 1, -10, -26, 3, 
j, 1540139410.8089, -0.6149, 0.3763, -0.1152, 0.6833, 3, -3, -12, -3, 0, 6, 6, 3, 
j, 1540139410.8608, -0.6130, 0.3779, -0.1161, 0.6840, 8, -2, 3, 2, 0, -5, 4, 3, 
j, 1540139410.9127, -0.6119, 0.3773, -0.1177, 0.6851, -6, 2, 1, -3, -4, -3, -2, -2, 
j, 1540139410.9735, -0.6098, 0.3770, -0.1199, 0.6868, 2, 1, -4, -1, 3, 0, -3, 4, 
j, 1540139411.0336, -0.6098, 0.3762, -0.1229, 0.6866, -5, -8, 2, 3, -1, -5, -7, 2, 
j, 1540139411.0853, -0.6082, 0.3752, -0.1270, 0.6879, 0, -1, -7, -2, 4, 3, 0, -4, 
j, 1540139411.1381, -0.6092, 0.3751, -0.1290, 0.6866, 0, 0, -16, -9, -2, -7, 4, 1, 
j, 1540139411.1919, -0.6075, 0.3746, -0.1302, 0.6882, 3, 0, -6, -1, 0, -3, 1, 3, 
j, 1540139411.2507, -0.6075, 0.3746, -0.1302, 0.6882, 0, 5, -4, -6, -6, 0, 13, 5, 
j, 1540139411.3116, -0.6059, 0.3749, -0.1306, 0.6894, 3, -2, 0, -1, 0, -4, -8, -7, 
j, 1540139411.3714, -0.6050, 0.3757, -0.1303, 0.6898, 1, 1, 8, 0, -4, -2, 4, 2, 
j, 1540139411.4233, -0.6039, 0.3760, -0.1299, 0.6907, 0, 2, 1, 1, -3, -3, -4, -3, 
j, 1540139411.4762, -0.6036, 0.3768, -0.1290, 0.6907, -1, 0, -3, 2, -1, -2, -10, -1, 
j, 1540139411.5280, -0.5995, 0.3790, -0.1299, 0.6929, -8, -26, -5, 2, -1, -3, 1, -3, 
j, 1540139411.5809, -0.5944, 0.3795, -0.1306, 0.6968, 1, 0, 4, 1, 7, 7, 12, 1, 
j, 1540139411.6329, -0.5869, 0.3793, -0.1307, 0.7033, -3, 0, -1, 1, -3, -2, -5, -2, 
j, 1540139411.6858, -0.5545, 0.3797, -0.1459, 0.7260, -2, -1, -15, -1, -7, -2, 2, 0, 
j, 1540139411.7386, -0.5324, 0.3771, -0.1591, 0.7410, -2, -3, -1, 0, -1, -1, -2, -1, 
j, 1540139411.7905, -0.5004, 0.3684, -0.1827, 0.7619, 1, -1, 5, -6, 2, 4, 0, -2, 
j, 1540139411.8443, -0.4707, 0.3651, -0.2068, 0.7762, 2, -1, 5, 7, 2, 2, 3, 1, 
j, 1540139411.9203, -0.4219, 0.3577, -0.2430, 0.7968, -4, -4, -5, 3, 3, 2, -2, 0, 
j, 1540139411.9780, -0.3818, 0.3586, -0.2733, 0.8068, -3, -16, -19, 1, -7, -4, 4, -6, 
j, 1540139412.0391, -0.3585, 0.3585, -0.2892, 0.8120, -2, -30, 3, 3, 7, 4, -1, 0, 
j, 1540139412.0907, -0.3420, 0.3558, -0.3063, 0.8140, -1, -6, -4, -17, -3, 8, -1, -4, 
j, 1540139412.1507, -0.3303, 0.3506, -0.3212, 0.8154, 0, 13, -5, 16, 6, 8, 0, 3, 
j, 1540139412.2106, -0.3250, 0.3478, -0.3306, 0.8149, 5, 19, 0, 37, 26, 23, 0, 1, 
j, 1540139412.2704, -0.3184, 0.3456, -0.3397, 0.8147, -4, -18, 88, 28, 6, -8, -4, -10, 
j, 1540139412.3233, -0.3130, 0.3450, -0.3420, 0.8160, 2, 3, -2, 13, -3, -1, 5, 23, 
j, 1540139412.3831, -0.3090, 0.3425, -0.3474, 0.8165, 2, 3, 7, -17, 27, 30, 13, 16, 
j, 1540139412.4362, -0.3071, 0.3406, -0.3502, 0.8167, 2, 6, 23, 3, 2, 1, 4, 5, 
j, 1540139412.4879, -0.3065, 0.3387, -0.3527, 0.8167, 2, -8, -17, -22, 0, 0, 2, -5, 
j, 1540139412.5417, -0.3079, 0.3353, -0.3543, 0.8168, -6, -7, -12, 7, 3, 3, 1, -12, 
j, 1540139412.5946, -0.3105, 0.3330, -0.3551, 0.8164, -2, -9, -7, -18, -2, 0, -1, -6, 
j, 1540139412.6555, -0.3167, 0.3326, -0.3541, 0.8146, 9, -2, -8, 1, 3, 0, 4, 75, 
j, 1540139412.7142, -0.3184, 0.3356, -0.3537, 0.8129, 11, 1, -16, -20, 0, -3, 1, 24, 
j, 1540139412.7821, -0.3381, 0.3441, -0.3428, 0.8060, -3, 0, 13, -16, -7, -6, 0, -1, 
j, 1540139412.8339, -0.3647, 0.3539, -0.3318, 0.7947, -4, 1, -6, -16, 8, 6, 4, -1, 
j, 1540139412.9018, -0.3924, 0.3628, -0.3192, 0.7826, 1, -2, 3, 6, 1, 1, -2, -11, 
j, 1540139412.9536, -0.4212, 0.3723, -0.3049, 0.7687, 5, 4, -7, -14, -3, 1, 1, 2, 
j, 1540139413.0488, -0.4423, 0.3809, -0.2908, 0.7581, -7, -13, 1, 7, -1, 2, -2, -40, 
j, 1540139413.1102, -0.5236, 0.4158, -0.2313, 0.7068, 3, -10, -15, -10, 12, 13, 4, 5, 
j, 1540139413.1710, -0.5482, 0.4230, -0.2136, 0.6891, 4, 1, 1, -2, -4, -5, -3, -16, 
j, 1540139413.2299, -0.5704, 0.4265, -0.1962, 0.6741, 3, -3, 0, -3, 3, 5, 0, 12, 
j, 1540139413.2907, -0.5779, 0.4239, -0.1832, 0.6729, 2, 4, 27, 12, -8, -5, -7, -19, 
j, 1540139413.3505, -0.5886, 0.4258, -0.1675, 0.6664, -2, -3, -12, -9, -1, -3, -17, -8, 
j, 1540139413.4194, -0.5961, 0.4241, -0.1562, 0.6636, -12, -3, -1, -11, -8, -1, -8, 31, 
j, 1540139413.4702, -0.6046, 0.4218, -0.1479, 0.6593, -5, 2, -13, 1, 4, 1, 0, -11, 
j, 1540139413.5301, -0.6074, 0.4216, -0.1403, 0.6585, -5, 1, -5, -9, -1, -5, -1, 2, 
j, 1540139413.5909, -0.6072, 0.4215, -0.1350, 0.6599, 1, -3, -6, 5, 3, 5, 0, -19, 
j, 1540139413.6507, -0.6071, 0.4219, -0.1317, 0.6604, 1, 10, 7, -1, 3, -2, -1, 8, 
j, 1540139413.7106, -0.6053, 0.4228, -0.1295, 0.6619, -15, -6, -5, -4, 0, 1, 0, 2, 
j, 1540139413.7624, -0.6046, 0.4228, -0.1286, 0.6627, 27, 2, -8, -3, 1, -3, -2, 1, 
j, 1540139413.8163, -0.6048, 0.4220, -0.1295, 0.6628, -3, -4, -16, 4, -3, 0, -3, -15, 
j, 1540139413.8761, -0.6060, 0.4230, -0.1305, 0.6609, 11, 4, 8, 2, 0, -3, -2, 0, 
j, 1540139413.9360, -0.6061, 0.4225, -0.1308, 0.6610, -5, -9, 7, 6, 2, -2, 0, -9, 
j, 1540139414.0038, -0.6058, 0.4219, -0.1319, 0.6615, 3, 3, 1, -3, -2, 1, -2, 2, 
j, 1540139414.0557, -0.6064, 0.4212, -0.1321, 0.6613, -3, -8, -6, -3, -2, -1, 2, -3, 
j, 1540139414.1165, -0.6061, 0.4216, -0.1319, 0.6614, 1, -1, -2, 1, -1, 1, 1, 1, 
j, 1540139414.1763, -0.6043, 0.4236, -0.1316, 0.6618, -2, -3, -2, 0, -1, -3, -25, -4, 
j, 1540139414.2362, -0.5983, 0.4293, -0.1301, 0.6639, 3, 15, 5, -5, -6, 2, 9, 0, 
j, 1540139414.3040, -0.5787, 0.4328, -0.1301, 0.6788, 2, -4, 2, -9, -3, -4, -1, -3, 
j, 1540139414.3558, -0.5380, 0.4264, -0.1470, 0.7122, -4, -3, -3, -3, -3, -3, -6, -3, 
j, 1540139414.4157, -0.5089, 0.4149, -0.1646, 0.7360, -3, 5, 2, -2, -3, -2, -2, -2, 
j, 1540139414.4755, -0.4706, 0.4020, -0.1935, 0.7612, 7, -7, -1, 5, 2, 0, 0, -1, 
j, 1540139414.5513, -0.4410, 0.3918, -0.2146, 0.7784, -2, 1, -10, 8, -4, -3, -4, -2, 
j, 1540139414.6114, -0.4171, 0.3839, -0.2303, 0.7910, 1, 1, -6, -23, -2, -5, -1, -2, 
j, 1540139414.6650, -0.4052, 0.3801, -0.2379, 0.7967, -6, 4, 10, -4, 2, 0, -5, -5, 
j, 1540139414.7259, -0.3722, 0.3641, -0.2662, 0.8112, 4, 5, 19, 8, -6, -7, -2, -3, 
j, 1540139414.7767, -0.3549, 0.3575, -0.2780, 0.8179, -1, 3, 1, -6, -1, -2, -3, -7, 
j, 1540139414.8366, -0.3513, 0.3549, -0.2863, 0.8177, -1, -43, -12, -13, -4, -3, 0, -9, 
j, 1540139414.8964, -0.3403, 0.3503, -0.2955, 0.8210, -2, -3, -11, -4, -3, 7, 0, 8, 
j, 1540139414.9483, -0.3374, 0.3483, -0.3002, 0.8214, 5, -60, 2, 11, -1, 1, -1, 9, 
j, 1540139415.0021, -0.3350, 0.3447, -0.3080, 0.8210, 2, -6, -12, -2, 0, -3, 3, -4, 
j, 1540139415.0530, -0.3354, 0.3418, -0.3145, 0.8196, -1, 11, 11, 12, 8, 5, -1, -6, 
j, 1540139415.1059, -0.3356, 0.3420, -0.3160, 0.8188, -5, 0, 8, -14, 8, 7, -2, -33, 
j, 1540139415.1587, -0.3342, 0.3423, -0.3177, 0.8186, -2, 1, 40, -11, -6, 0, -1, -8, 
j, 1540139415.2106, -0.3341, 0.3427, -0.3176, 0.8185, -5, -1, -2, -7, -5, -4, -2, -28, 
j, 1540139415.2625, -0.3365, 0.3436, -0.3173, 0.8173, -2, -4, -8, -17, -2, 0, -15, -2, 
j, 1540139415.3153, -0.3369, 0.3440, -0.3175, 0.8169, -1, -4, -24, -25, 1, 2, -6, -6, 
j, 1540139415.3761, -0.3354, 0.3436, -0.3175, 0.8176, 5, 0, 8, -6, -1, -6, -7, 75, 
j, 1540139415.4280, -0.3365, 0.3425, -0.3167, 0.8180, 1, -7, -24, -17, 0, 1, -19, -3, 
j, 1540139415.4811, -0.3378, 0.3417, -0.3167, 0.8178, -7, -12, 16, 44, 10, 9, -1, -24, 
j, 1540139415.5329, -0.3356, 0.3422, -0.3159, 0.8188, 1, 7, 6, -8, -5, -6, 7, 8, 
j, 1540139415.5848, -0.3335, 0.3433, -0.3163, 0.8190, -2, -18, -20, 51, 2, 8, 3, 7, 
j, 1540139415.6376, -0.3389, 0.3453, -0.3139, 0.8170, 2, 2, -5, -5, -1, -6, -5, -7, 
j, 1540139415.6905, -0.3458, 0.3492, -0.3079, 0.8146, 3, -8, 1, 34, -3, 4, 6, -17, 
j, 1540139415.7505, -0.3636, 0.3586, -0.2936, 0.8080, -8, 4, 42, 15, -14, -17, -10, -34, 
j, 1540139415.8033, -0.4001, 0.3775, -0.2676, 0.7910, -6, -16, -20, 15, 2, 5, 1, 4, 
j, 1540139415.8650, -0.4163, 0.3878, -0.2551, 0.7818, 3, 6, -22, -24, 12, 11, 0, 5, 
j, 1540139415.9239, -0.4657, 0.4149, -0.2161, 0.7512, -58, -21, -18, -16, 5, 7, 3, 2, 
j, 1540139415.9837, -0.5306, 0.4316, -0.1761, 0.7079, -27, -1, -7, -15, -10, -2, -2, -21, 
j, 1540139416.0436, -0.5918, 0.4295, -0.1405, 0.6674, 11, 21, 13, 18, 2, -9, -13, -4, 
j, 1540139416.1044, -0.6205, 0.4164, -0.1202, 0.6536, 2, -7, -17, 2, 4, 4, 3, 10, 
j, 1540139416.1633, -0.6258, 0.4068, -0.1059, 0.6570, 13, -2, 40, -13, -3, 3, 17, 32, 
j, 1540139416.2233, -0.6241, 0.4035, -0.0965, 0.6620, -4, 0, -4, 0, 1, 0, -6, 1, 
j, 1540139416.2829, -0.6273, 0.3969, -0.0946, 0.6634, 2, -14, 1, 6, 5, -1, 1, -3, 
j, 1540139416.3438, -0.6270, 0.3948, -0.0961, 0.6646, -8, -1, -4, -4, 0, 3, -3, 0, 
j, 1540139416.4036, -0.6265, 0.3947, -0.0986, 0.6649, -4, -2, 7, 2, 4, 1, 1, -3, 
j, 1540139416.4714, -0.6271, 0.3953, -0.1010, 0.6636, -4, 7, -4, 7, -2, -5, 1, -14, 
j, 1540139416.5236, -0.6259, 0.3959, -0.1030, 0.6639, 0, -2, 1, 3, 1, 0, 1, 10, 
j, 1540139416.5764, -0.6251, 0.3975, -0.1044, 0.6636, -6, 2, 7, 5, -6, -4, -3, 10, 
j, 1540139416.6362, -0.6251, 0.3977, -0.1043, 0.6634, -2, 0, -4, 0, 1, 0, 1, 5, 
j, 1540139416.6883, -0.6245, 0.3992, -0.1047, 0.6630, -9, -4, -8, -2, -4, 0, -1, -1, 
j, 1540139416.7399, -0.6244, 0.3998, -0.1055, 0.6627, 4, 0, -10, -6, 2, 1, 2, -1, 
j, 1540139416.7997, -0.6234, 0.4005, -0.1064, 0.6631, 8, -1, 2, 2, -1, 0, 1, 25, 
j, 1540139416.8536, -0.6245, 0.4005, -0.1071, 0.6620, 2, 7, -1, -3, 2, 1, 0, 2, 
j, 1540139416.9068, -0.6237, 0.4011, -0.1068, 0.6624, 0, -8, -4, 3, 3, 1, 1, 6, 
j, 1540139416.9666, -0.6236, 0.4012, -0.1063, 0.6624, -1, -1, 2, 4, 0, 0, 5, 2, 
j, 1540139417.0264, -0.6216, 0.4017, -0.1074, 0.6639, 3, 5, 7, 1, -3, -1, -5, -7, 
j, 1540139417.0864, -0.6231, 0.4011, -0.1078, 0.6627, 4, -2, -7, -6, -5, -5, 1, -8, 
j, 1540139417.1460, -0.6224, 0.4015, -0.1079, 0.6631, 3, 3, 5, 6, -3, -1, -3, -2, 
j, 1540139417.2069, -0.6223, 0.4022, -0.1087, 0.6627, 1, 6, -2, -4, -8, -2, 2, -9, 
j, 1540139417.2597, -0.6227, 0.4020, -0.1081, 0.6625, 9, 1, -3, -1, 2, -3, 2, 3, 
j, 1540139417.3116, -0.6221, 0.4023, -0.1083, 0.6628, -6, 0, -4, -2, 0, -1, -2, -8, 
j, 1540139417.3634, -0.6219, 0.4026, -0.1088, 0.6628, 6, 3, 2, -5, 1, -1, 2, 2, 
j, 1540139417.4233, -0.6219, 0.4025, -0.1092, 0.6628, 5, 8, 5, 3, -2, -3, -4, -1, 
j, 1540139417.4831, -0.6213, 0.4031, -0.1098, 0.6628, -3, -4, -1, 3, -5, 1, 0, -1, 
j, 1540139417.5430, -0.6210, 0.4036, -0.1095, 0.6628, -7, -9, -3, -6, -2, -2, 0, 3, 
j, 1540139417.5958, -0.6206, 0.4035, -0.1091, 0.6634, 1, 0, 1, 4, 1, -1, 1, 12, 
j, 1540139417.6487, -0.6205, 0.4037, -0.1100, 0.6633, 0, -4, 3, 0, -2, -6, -12, -5, 
j, 1540139417.6999, -0.6213, 0.4036, -0.1102, 0.6625, 1, 3, -2, -4, -5, 1, 8, 4, 
j, 1540139417.7527, -0.6211, 0.4037, -0.1101, 0.6626, 1, 1, 3, 6, -2, 1, -2, -3, 
j, 1540139417.8058, -0.6212, 0.4037, -0.1101, 0.6626, -1, 2, -4, -2, 1, 2, -1, 1, 
j, 1540139417.8654, -0.6212, 0.4037, -0.1104, 0.6626, -1, -3, 6, 1, 1, -1, -2, 9, 
j, 1540139417.9273, -0.6210, 0.4038, -0.1107, 0.6625, -2, -3, -3, -5, 3, 0, -4, 0, 
j, 1540139417.9781, -0.6206, 0.4035, -0.1114, 0.6630, -11, 0, -2, -5, -7, -4, 0, -8, 
j, 1540139418.0301, -0.6203, 0.4025, -0.1140, 0.6635, 8, 1, -2, -5, -2, 0, -1, -2, 
j, 1540139418.0838, -0.6202, 0.4019, -0.1158, 0.6636, 1, 2, -1, 2, 4, 2, -3, -6, 
j, 1540139418.1367, -0.6208, 0.4025, -0.1176, 0.6624, -3, -5, -14, -3, 1, -1, 0, -3, 
j, 1540139418.1895, -0.6213, 0.4029, -0.1179, 0.6616, 3, 0, -2, -2, -3, -4, 2, -3, 
j, 1540139418.2504, -0.6214, 0.4036, -0.1180, 0.6611, 3, 2, -4, -1, -2, -3, -2, 0, 
j, 1540139418.3092, -0.6219, 0.4037, -0.1179, 0.6605, 11, 6, -2, 0, 0, 0, -2, 0, 
j, 1540139418.3601, -0.6222, 0.4038, -0.1180, 0.6602, -1, -1, -1, -2, -1, -3, -1, -3, 
j, 1540139418.4130, -0.6226, 0.4033, -0.1180, 0.6602, 3, -1, 4, 8, -2, 0, 7, 8, 
j, 1540139418.4660, -0.6228, 0.4024, -0.1184, 0.6604, -2, 3, -5, 2, -1, 1, 4, -1, 
j, 1540139418.5180, -0.6223, 0.4025, -0.1201, 0.6605, 3, -2, 3, 0, -3, 1, -1, -3, 
j, 1540139418.5787, -0.6228, 0.4030, -0.1210, 0.6595, -7, 0, 2, 1, -1, 1, -1, -2, 
j, 1540139418.6308, -0.6227, 0.4041, -0.1219, 0.6589, 6, -4, 0, 0, -1, 0, -1, -1, 
j, 1540139418.6835, -0.6224, 0.4045, -0.1222, 0.6588, 3, 2, 0, 5, 1, -4, -1, 4, 
j, 1540139418.7353, -0.6227, 0.4048, -0.1221, 0.6584, 1, 0, -1, -3, -2, -3, 2, 0, 
j, 1540139418.7882, -0.6224, 0.4055, -0.1221, 0.6581, 1, -1, 3, -1, 0, -2, -3, -4, 
j, 1540139418.8480, -0.6227, 0.4056, -0.1219, 0.6579, 2, 4, -1, 3, 1, 4, 1, -2, 
j, 1540139418.9089, -0.6223, 0.4061, -0.1225, 0.6579, 3, 2, -4, 2, -3, -1, 0, -2, 
j, 1540139418.9687, -0.6226, 0.4063, -0.1230, 0.6574, 0, -2, -7, 0, -2, 2, 1, -3, 
j, 1540139419.0287, -0.6227, 0.4064, -0.1230, 0.6572, -1, 5, 3, 2, 3, 2, 1, -3, 
j, 1540139419.0886, -0.6225, 0.4066, -0.1232, 0.6573, 1, 8, 3, 1, -8, -5, -5, 6, 
j, 1540139419.1484, -0.6223, 0.4068, -0.1240, 0.6571, -2, -6, -5, -2, 2, 1, -1, -4, 
j, 1540139419.2084, -0.6223, 0.4070, -0.1242, 0.6570, 10, 7, 0, -7, -3, -4, 1, 13, 
j, 1540139419.2684, -0.6219, 0.4073, -0.1235, 0.6573, 5, 7, 0, -6, 1, 0, -2, 0, 
j, 1540139419.3281, -0.6210, 0.4071, -0.1215, 0.6586, -20, 2, 0, -1, -1, -2, -2, -2, 
j, 1540139419.3970, -0.6200, 0.4080, -0.1222, 0.6589, 7, -2, 3, 2, -2, 2, 0, 1, 
j, 1540139419.4488, -0.6194, 0.4089, -0.1230, 0.6588, 5, 3, -1, 0, 2, -2, 0, 7, 
j, 1540139419.5086, -0.6190, 0.4103, -0.1230, 0.6583, 0, 4, 5, 5, 4, -3, 0, 2, 
j, 1540139419.5685, -0.6191, 0.4105, -0.1231, 0.6581, 16, 4, -2, 1, -2, -1, -1, -3, 
j, 1540139419.6203, -0.6191, 0.4106, -0.1243, 0.6578, 0, 5, -1, 0, 1, 1, 2, 2, 
j, 1540139419.6742, -0.6198, 0.4103, -0.1244, 0.6573, 3, 3, 6, -3, -2, 0, -2, 2, 
j, 1540139419.7260, -0.6200, 0.4105, -0.1246, 0.6569, -6, -2, 4, 4, 2, -1, -1, -2, 
j, 1540139419.7779, -0.6200, 0.4105, -0.1246, 0.6569, 2, -3, -3, -7, 2, 1, -3, 1, 
j, 1540139419.8310, -0.6193, 0.4108, -0.1253, 0.6572, -6, -5, 0, -2, 0, 0, -2, -2, 
j, 1540139419.8826, -0.6201, 0.4106, -0.1255, 0.6567, -9, -4, -6, -6, 0, 2, 0, -3, 
j, 1540139419.9355, -0.6194, 0.4109, -0.1257, 0.6570, -2, 1, 2, 3, -1, 0, 1, 0, 
j, 1540139419.9883, -0.6194, 0.4109, -0.1257, 0.6570, 2, -2, 1, -10, -1, 1, 1, 6, 
j, 1540139420.0412, -0.6192, 0.4110, -0.1259, 0.6571, -15, 1, 3, 0, 0, 0, -2, -7, 
j, 1540139420.0940, -0.6192, 0.4110, -0.1259, 0.6571, 1, 3, 3, -1, -3, -1, 1, 1, 
j, 1540139420.1459, -0.6190, 0.4114, -0.1266, 0.6569, 8, 2, -4, -3, -3, -3, 2, -1, 
j, 1540139420.1978, -0.6192, 0.4116, -0.1273, 0.6565, 2, -3, -6, 2, -1, 0, 4, -3, 
j, 1540139420.2506, -0.6196, 0.4113, -0.1279, 0.6561, -7, -3, -4, -3, -3, -2, -3, -4, 
j, 1540139420.3035, -0.6199, 0.4116, -0.1282, 0.6557, -21, -5, 0, 0, 0, 2, 0, -4, 
j, 1540139420.3553, -0.6196, 0.4119, -0.1286, 0.6556, -3, 0, 0, -10, -1, 1, -1, -2, 
j, 1540139420.4082, -0.6199, 0.4119, -0.1295, 0.6552, 2, 0, 4, -5, 0, -4, -2, -2, 
j, 1540139420.4611, -0.6196, 0.4120, -0.1302, 0.6553, 2, -4, 3, 5, 3, -1, 0, 3, 
j, 1540139420.5129, -0.6196, 0.4122, -0.1311, 0.6550, 3, 3, -5, -6, 0, 0, -3, 1, 
j, 1540139420.5668, -0.6197, 0.4124, -0.1315, 0.6547, -3, 0, -7, -2, 0, 1, 0, 2, 
j, 1540139420.6176, -0.6197, 0.4124, -0.1315, 0.6547, 0, 0, -1, -2, 2, -1, -2, -2, 
j, 1540139420.6705, -0.6195, 0.4124, -0.1315, 0.6548, -3, -3, 7, 0, -1, 1, 1, 1, 
j, 1540139420.7234, -0.6195, 0.4125, -0.1315, 0.6548, -7, -1, -4, -2, -4, -2, 2, 0, 
j, 1540139420.7762, -0.6194, 0.4125, -0.1324, 0.6547, -6, -1, -2, -2, -3, -3, -4, -7, 
j, 1540139420.8283, -0.6198, 0.4124, -0.1330, 0.6543, -3, 3, 1, 0, -1, -2, -1, -2, 
j, 1540139420.8812, -0.6201, 0.4124, -0.1334, 0.6539, 3, -7, -2, -4, 3, 2, 1, 2, 
j, 1540139420.9330, -0.6204, 0.4124, -0.1340, 0.6534, -14, 1, -4, -1, 1, 0, -3, 0, 
j, 1540139420.9848, -0.6205, 0.4125, -0.1342, 0.6533, -8, -3, -3, 5, 2, -2, -1, 0, 
j, 1540139421.0378, -0.6205, 0.4124, -0.1343, 0.6533, -8, 0, 7, 4, 3, -1, -4, -2, 
j, 1540139421.0906, -0.6204, 0.4128, -0.1349, 0.6530, -1, -3, -5, -2, 3, 2, 1, 3, 
j, 1540139421.1454, -0.6202, 0.4128, -0.1352, 0.6531, -3, -7, -1, -5, -1, 1, -3, -2, 
j, 1540139421.1962, -0.6199, 0.4132, -0.1354, 0.6531, -1, -3, -2, 3, -4, -4, -2, -1, 
